ID	tokens	pos_tags	chunk_tags	ner_tags
0	['The', 'Kingdom', 'of', 'the', 'East', 'Angles', '(', 'Old', 'English', ':', 'Ēastengla', 'Rīċe', ';', 'Latin', ':', 'Regnum', 'Orientalium', 'Anglorum', ')', ',', 'formally', 'known', 'as', 'the', 'Kingdom', 'of', 'East', 'Anglia', ',', 'was', 'a', 'small', 'independent', 'kingdom', 'of', 'the', 'Angles', 'during', 'the', 'Anglo', '-', 'Saxon', 'period', 'comprising', 'what', 'are', 'now', 'the', 'English', 'counties', 'of', 'Norfolk', 'and', 'Suffolk', 'and', 'perhaps', 'the', 'eastern', 'part', 'of', 'the', 'Fens,[1', ']', 'the', 'area', 'still', 'known', 'as', 'East', 'Anglia', '.']	[5, 11, 1, 5, 11, 11, 12, 11, 11, 12, 11, 11, 12, 11, 12, 11, 11, 11, 12, 12, 2, 15, 1, 5, 11, 1, 11, 11, 12, 3, 5, 0, 0, 7, 1, 5, 11, 1, 5, 11, 12, 11, 7, 15, 10, 3, 2, 5, 0, 7, 1, 11, 4, 11, 4, 2, 5, 0, 7, 1, 5, 8, 16, 5, 7, 2, 15, 1, 11, 11, 12]	[0, 11, 13, 0, 11, 12, 0, 11, 12, 0, 11, 12, 0, 11, 0, 11, 12, 12, 0, 0, 3, 21, 13, 0, 11, 13, 11, 12, 0, 21, 0, 1, 2, 11, 13, 0, 11, 13, 0, 11, 0, 11, 12, 21, 0, 21, 3, 0, 1, 11, 13, 11, 0, 11, 0, 3, 0, 1, 11, 13, 0, 0, 19, 0, 11, 3, 21, 13, 11, 12, 0]	[6, 7, 3, 8, 1, 6, 8, 7, 8, 6, 5, 6, 0, 0, 0, 0, 0, 0, 0, 0, 0, 0, 0, 0, 0, 0, 0, 0, 0, 0, 0, 0, 0, 0, 0, 0, 0, 0, 0, 0, 0, 0, 0, 0, 0, 0, 0, 0, 0, 0, 0, 0, 0, 0, 0, 0, 0, 0, 0, 0, 0, 0, 0, 0, 0, 0, 0, 0, 0, 0, 0]
1	['The', 'kingdom', 'formed', 'in', 'the', '6th', 'century', 'in', 'the', 'wake', 'of', 'the', 'Anglo', '-', 'Saxon', 'settlement', 'of', 'Britain', 'and', 'was', 'one', 'of', 'the', 'kingdoms', 'of', 'the', 'Heptarchy', '.']	[5, 7, 15, 1, 5, 0, 7, 1, 5, 7, 1, 5, 11, 12, 11, 7, 1, 11, 4, 3, 8, 1, 5, 7, 1, 5, 11, 12]	[0, 11, 21, 13, 0, 1, 11, 13, 0, 11, 13, 0, 11, 0, 11, 12, 13, 11, 0, 21, 0, 13, 0, 11, 13, 0, 11, 0]	[8, 7, 5, 0, 0, 0, 0, 0, 0, 0, 0, 0, 0, 0, 0, 0, 0, 0, 0, 0, 0, 0, 0, 0, 0, 0, 0, 0]
2	['It', 'was', 'ruled', 'by', 'the', 'Wuffingas', 'dynasty', 'in', 'the', '7th', 'and', '8th', 'centuries', ',', 'but', 'the', 'territory', 'was', 'taken', 'by', 'Offa', 'of', 'Mercia', 'in', '794', '.']	[10, 3, 15, 1, 5, 11, 7, 1, 5, 0, 4, 0, 7, 12, 4, 5, 7, 3, 15, 1, 11, 1, 11, 1, 8, 12]	[0, 21, 22, 13, 0, 11, 12, 13, 0, 1, 0, 1, 11, 0, 0, 0, 11, 21, 22, 13, 11, 13, 11, 13, 0, 0]	[8, 3, 8, 0, 0, 0, 0, 0, 0, 0, 0, 0, 0, 0, 0, 0, 0, 0, 0, 0, 0, 0, 0, 0, 0, 0]
3	['Mercia', 'control', 'lapsed', 'briefly', 'following', 'the', 'death', 'of', 'Offa', 'but', 'was', 'reestablished', '.']	[11, 7, 15, 2, 15, 5, 7, 1, 11, 4, 3, 15, 12]	[11, 12, 21, 3, 21, 0, 11, 13, 11, 0, 21, 22, 0]	[1, 6, 0, 0, 0, 0, 0, 0, 0, 0, 0, 0, 0]
4	"['The', 'Danish', 'Great', 'Heathen', 'Army', 'landed', 'in', 'East', 'Anglia', 'in', '865', ',', 'after', 'taking', 'York', 'it', 'returned', 'to', 'East', 'Anglia', ',', 'killing', 'King', 'Edmund', '(', '""', 'the', 'Martyr', '""', ')', 'and', 'making', 'it', 'Danish', 'land', 'in', '869', '.']"	[5, 11, 11, 11, 11, 15, 1, 11, 11, 1, 8, 12, 1, 15, 11, 10, 15, 1, 11, 11, 12, 15, 11, 11, 12, 12, 5, 11, 12, 12, 4, 15, 10, 0, 7, 1, 8, 12]	[0, 11, 12, 12, 12, 21, 13, 11, 12, 13, 0, 0, 13, 21, 11, 0, 21, 13, 11, 12, 0, 21, 11, 12, 0, 0, 0, 11, 0, 0, 0, 21, 0, 1, 11, 13, 0, 0]	[4, 5, 8, 2, 6, 7, 7, 7, 0, 0, 0, 0, 0, 0, 0, 0, 0, 0, 0, 0, 0, 0, 0, 0, 0, 0, 0, 0, 0, 0, 0, 0, 0, 0, 0, 0, 0, 0]
5	['After', 'Alfred', 'the', 'Great', 'forced', 'a', 'treaty', 'with', 'the', 'Danes', ',', 'East', 'Anglia', 'was', 'left', 'as', 'part', 'of', 'the', 'Danelaw', '.']	[1, 11, 5, 11, 15, 5, 7, 1, 5, 11, 12, 11, 11, 3, 15, 1, 7, 1, 5, 7, 12]	[13, 11, 0, 11, 21, 0, 11, 13, 0, 11, 0, 11, 12, 21, 22, 13, 11, 13, 0, 11, 0]	[3, 7, 6, 7, 0, 0, 0, 0, 0, 0, 0, 0, 0, 0, 0, 0, 0, 0, 0, 0, 0]
6	['It', 'was', 'taken', 'back', 'from', 'Danish', 'control', 'by', 'Edward', 'the', 'Elder', 'and', 'incorporated', 'into', 'the', 'Kingdom', 'of', 'Wessex', 'in', '917', '.']	[10, 3, 15, 2, 1, 0, 7, 1, 11, 5, 11, 4, 15, 1, 5, 11, 1, 11, 1, 8, 12]	[0, 21, 22, 3, 13, 1, 11, 13, 11, 0, 11, 0, 21, 13, 0, 11, 13, 11, 13, 0, 0]	[8, 1, 6, 7, 0, 0, 0, 0, 0, 0, 0, 0, 0, 0, 0, 0, 0, 0, 0, 0, 0]
7	['The', 'Kingdom', 'of', 'East', 'Anglia', 'was', 'organised', 'in', 'the', 'first', 'or', 'second', 'quarter', 'of', 'the', '6th', 'century', ',', 'with', 'Wehha', 'listed', 'as', 'the', 'first', 'king', 'of', 'the', 'East', 'Angles', ',', 'followed', 'by', 'Wuffa', '.']	[5, 11, 1, 11, 11, 3, 15, 1, 5, 0, 4, 0, 7, 1, 5, 0, 7, 12, 1, 11, 15, 1, 5, 0, 7, 1, 5, 11, 11, 12, 15, 1, 11, 12]	[0, 11, 13, 11, 12, 21, 22, 13, 0, 1, 0, 1, 11, 13, 0, 1, 11, 0, 13, 11, 21, 13, 0, 1, 11, 13, 0, 11, 12, 0, 21, 13, 11, 0]	[6, 7, 1, 7, 0, 1, 0, 0, 0, 0, 0, 0, 0, 0, 0, 0, 0, 0, 0, 0, 0, 0, 0, 0, 0, 0, 0, 0, 0, 0, 0, 0, 0, 0]
8	['[', '1', ']', 'The', 'Anglo', '-', 'Saxon', 'genealogy', 'for', 'East', 'Angles', 'gives', 'Wehha', 'as', 'descended', 'from', 'Woden', 'via', 'Caesar', '.']	[16, 16, 12, 5, 11, 12, 11, 7, 1, 11, 11, 15, 11, 13, 15, 1, 11, 1, 11, 12]	[19, 20, 0, 0, 11, 0, 11, 12, 13, 11, 12, 21, 11, 17, 21, 13, 11, 13, 11, 0]	[7, 8, 8, 2, 5, 6, 0, 0, 0, 0, 0, 0, 0, 0, 0, 0, 0, 0, 0, 0]
9	['Until', '749', 'the', 'kings', 'of', 'East', 'Anglia', 'were', 'Wuffingas', ',', 'named', 'after', 'the', 'semi', '-', 'historical', 'Wuffa', '.']	[1, 8, 5, 7, 1, 11, 11, 3, 11, 12, 15, 1, 5, 0, 0, 0, 7, 12]	[13, 0, 0, 11, 13, 11, 12, 21, 11, 0, 21, 13, 0, 1, 2, 2, 11, 0]	[7, 6, 2, 1, 0, 0, 0, 0, 0, 0, 0, 0, 0, 0, 0, 0, 0, 0]
10	['During', 'the', 'early', '7th', 'century', 'under', 'Rædwald', 'of', 'East', 'Anglia', ',', 'it', 'was', 'a', 'powerful', 'Anglo', '-', 'Saxon', 'kingdom', '.']	[1, 5, 0, 0, 7, 1, 11, 1, 11, 11, 12, 10, 3, 5, 0, 0, 12, 11, 7, 12]	[13, 0, 1, 2, 11, 13, 11, 13, 11, 12, 0, 0, 21, 0, 1, 2, 0, 11, 12, 0]	[7, 0, 7, 0, 0, 0, 0, 0, 0, 0, 0, 0, 0, 0, 0, 0, 0, 0, 0, 0]
11	['Rædwald', ',', 'the', 'first', 'East', 'Anglian', 'king', 'to', 'be', 'baptised', 'a', 'Christian', ',', 'is', 'seen', 'by', 'many', 'scholars', 'to', 'be', 'the', 'person', 'buried', 'within', '(', 'or', 'commemorated', 'by', ')', 'the', 'ship', 'burial', 'at', 'Sutton', 'Hoo', ',', 'near', 'Woodbridge', '.']	[11, 12, 5, 0, 11, 0, 7, 9, 3, 15, 5, 11, 12, 3, 15, 1, 0, 7, 9, 3, 5, 7, 15, 1, 12, 4, 15, 1, 12, 5, 7, 7, 1, 11, 11, 12, 1, 11, 12]	[11, 0, 0, 1, 11, 1, 11, 15, 21, 22, 0, 11, 0, 21, 22, 13, 1, 11, 15, 21, 0, 11, 21, 13, 0, 0, 21, 13, 0, 0, 11, 12, 13, 11, 12, 0, 13, 11, 0]	[7, 8, 8, 3, 5, 0, 0, 0, 0, 0, 0, 0, 0, 0, 0, 0, 0, 0, 0, 0, 0, 0, 0, 0, 0, 0, 0, 0, 0, 0, 0, 0, 0, 0, 0, 0, 0, 0, 0]
12	['During', 'the', 'decades', 'that', 'followed', 'his', 'death', 'in', 'about', '624', ',', 'East', 'Anglia', 'became', 'increasingly', 'dominated', 'by', 'the', 'kingdom', 'of', 'Mercia', '.']	[1, 5, 7, 10, 15, 10, 7, 1, 1, 8, 12, 11, 11, 3, 2, 15, 1, 5, 7, 1, 11, 12]	[13, 0, 11, 0, 21, 0, 11, 13, 14, 0, 0, 11, 12, 21, 3, 21, 13, 0, 11, 13, 11, 0]	[7, 8, 5, 2, 0, 0, 0, 0, 0, 0, 0, 0, 0, 0, 0, 0, 0, 0, 0, 0, 0, 0]
13	"['Several', 'of', 'Rædwald', ""'s"", 'successors', 'were', 'killed', 'in', 'battle', ',', 'such', 'as', 'Sigeberht', ',', 'under', 'whose', 'rule', 'and', 'with', 'the', 'guidance', 'of', 'his', 'bishop', ',', 'Felix', 'of', 'Burgundy', ',', 'Christianity', 'was', 'firmly', 'established', '.']"	[0, 1, 11, 9, 7, 3, 15, 1, 7, 12, 0, 1, 11, 12, 1, 5, 7, 4, 1, 5, 7, 1, 10, 7, 12, 11, 1, 11, 12, 11, 3, 2, 15, 12]	[1, 13, 11, 15, 11, 21, 22, 13, 11, 0, 1, 13, 11, 0, 13, 0, 11, 0, 13, 0, 11, 13, 0, 11, 0, 11, 13, 11, 0, 11, 21, 3, 21, 0]	[1, 7, 0, 0, 0, 0, 0, 0, 0, 0, 0, 0, 0, 0, 0, 0, 0, 0, 0, 0, 0, 0, 0, 0, 0, 0, 0, 0, 0, 0, 0, 0, 0, 0]
14	['[', 'citation', 'needed', ']', '\n', 'From', 'the', 'death', 'of', 'Æthelberht', 'II', 'by', 'the', 'Mercians', 'in', '794', 'until', '825', ',', 'East', 'Anglia', 'ceased', 'to', 'be', 'an', 'independent', 'kingdom', ',', 'apart', 'from', 'a', 'brief', 'reassertion', 'under', 'Eadwald', 'in', '796', '.']	[12, 7, 15, 12, 1, 5, 7, 1, 11, 11, 1, 5, 11, 1, 8, 1, 8, 12, 11, 11, 15, 9, 3, 5, 0, 7, 12, 2, 1, 5, 0, 7, 1, 11, 1, 8, 12, -1]	[0, 11, 21, 0, 0, 13, 0, 11, 13, 11, 12, 13, 0, 11, 13, 0, 13, 0, 0, 11, 12, 21, 15, 21, 0, 1, 11, 0, 3, 13, 0, 1, 11, 13, 11, 13, 0, 0]	[0, 7, 7, 8, 6, 1, 8, 0, 0, 0, 0, 0, 0, 0, 0, 0, 0, 0, 0, 0, 0, 0, 0, 0, 0, 0, 0, 0, 0, 0, 0, 0, 0, 0, 0, 0, 0, 0]
15	['It', 'survived', 'until', '869', ',', 'when', 'the', 'Vikings', 'defeated', 'the', 'East', 'Anglians', 'in', 'battle', 'and', 'their', 'king', ',', 'Edmund', 'the', 'Martyr', ',', 'was', 'killed', '.']	[10, 15, 1, 8, 12, 13, 5, 11, 15, 5, 11, 11, 1, 7, 4, 10, 7, 12, 1, 5, 11, 12, 3, 15, 12]	[0, 21, 13, 0, 0, 17, 0, 11, 21, 0, 11, 12, 13, 11, 0, 0, 11, 0, 13, 0, 11, 0, 21, 22, 0]	[8, 3, 7, 8, 0, 0, 0, 0, 0, 0, 0, 0, 0, 0, 0, 0, 0, 0, 0, 0, 0, 0, 0, 0, 0]
16	['After', '879', ',', 'the', 'Vikings', 'settled', 'permanently', 'in', 'East', 'Anglia', '.']	[1, 8, 12, 5, 11, 15, 2, 1, 11, 11, 12]	[13, 0, 0, 0, 11, 21, 3, 13, 11, 12, 0]	[7, 4, 6, 0, 0, 0, 0, 0, 0, 0, 0]
17	['In', '903', 'the', 'exiled', 'Æthelwold', 'ætheling', 'induced', 'the', 'East', 'Anglian', 'Danes', 'to', 'wage', 'a', 'disastrous', 'war', 'on', 'his', 'cousin', 'Edward', 'the', 'Elder', '.']	[1, 8, 5, 15, 7, 7, 15, 5, 11, 11, 7, 9, 15, 5, 0, 7, 1, 10, 7, 11, 5, 7, 12]	[13, 0, 0, 21, 11, 12, 21, 0, 11, 12, 12, 15, 21, 0, 1, 11, 13, 0, 11, 12, 0, 11, 0]	[7, 8, 4, 1, 0, 0, 0, 0, 0, 0, 0, 0, 0, 0, 0, 0, 0, 0, 0, 0, 0, 0, 0]
18	['By', '918', ',', 'after', 'a', 'succession', 'of', 'Danish', 'defeats', ',', 'East', 'Anglia', 'submitted', 'to', 'Edward', 'and', 'was', 'incorporated', 'into', 'the', 'Kingdom', 'of', 'Wessex', '.']	[1, 8, 12, 1, 5, 7, 1, 0, 7, 12, 11, 11, 15, 1, 11, 4, 3, 15, 1, 5, 11, 1, 11, 12]	[13, 0, 0, 13, 0, 11, 13, 1, 11, 0, 11, 12, 21, 13, 11, 0, 21, 22, 13, 0, 11, 13, 11, 0]	[7, 8, 6, 1, 6, 0, 0, 0, 0, 0, 0, 0, 0, 0, 0, 0, 0, 0, 0, 0, 0, 0, 0, 0]
19	['East', 'Anglia', 'was', 'settled', 'by', 'the', 'Anglo', '-', 'Saxons', 'earlier', 'than', 'many', 'other', 'regions', ',', 'possibly', 'at', 'the', 'start', 'of', 'the', '5th', 'century', '.']	[11, 11, 3, 15, 1, 5, 11, 12, 11, 2, 1, 0, 0, 7, 12, 2, 1, 5, 7, 1, 5, 0, 7, 12]	[11, 12, 21, 22, 13, 0, 11, 0, 11, 3, 13, 1, 2, 11, 0, 3, 13, 0, 11, 13, 0, 1, 11, 0]	[5, 4, 7, 0, 0, 0, 0, 0, 0, 0, 0, 0, 0, 0, 0, 0, 0, 0, 0, 0, 0, 0, 0, 0]
20	['[', '2', ']', 'It', 'emerged', 'from', 'the', 'political', 'consolidation', 'of', 'the', 'Angles', 'in', 'the', 'approximate', 'area', 'of', 'the', 'former', 'territory', 'of', 'the', 'Iceni', 'and', 'the', 'Roman', 'civitas', ',', 'with', 'its', 'centre', 'at', 'Venta', 'Icenorum', ',', 'close', 'to', 'Caistor', 'St', 'Edmund', '.']	[16, 16, 12, 10, 15, 1, 5, 0, 7, 1, 5, 11, 1, 5, 0, 7, 1, 5, 0, 7, 1, 5, 11, 4, 5, 0, 7, 12, 1, 10, 7, 1, 11, 11, 12, 0, 1, 11, 11, 11, 12]	[19, 20, 0, 0, 21, 13, 0, 1, 11, 13, 0, 11, 13, 0, 1, 11, 13, 0, 1, 11, 13, 0, 11, 0, 0, 1, 11, 0, 13, 0, 11, 13, 11, 12, 0, 1, 13, 11, 12, 12, 0]	[7, 8, 8, 8, 7, 1, 0, 0, 0, 0, 0, 0, 0, 0, 0, 0, 0, 0, 0, 0, 0, 0, 0, 0, 0, 0, 0, 0, 0, 0, 0, 0, 0, 0, 0, 0, 0, 0, 0, 0, 0]
21	['[', '3', ']', 'The', 'region', 'that', 'was', 'to', 'become', 'East', 'Anglia', 'seems', 'to', 'have', 'been', 'depopulated', 'to', 'some', 'extent', 'around', 'the', '4th', 'century', '.']	[16, 16, 12, 5, 7, 10, 3, 9, 15, 11, 11, 15, 9, 3, 3, 15, 1, 5, 7, 1, 5, 0, 7, 12]	[19, 20, 0, 0, 11, 0, 21, 15, 21, 11, 12, 21, 15, 21, 22, 22, 13, 0, 11, 13, 0, 1, 11, 0]	[7, 6, 8, 0, 0, 0, 0, 0, 0, 0, 0, 0, 0, 0, 0, 0, 0, 0, 0, 0, 0, 0, 0, 0]
22	"['Ken', 'Dark', 'writes', 'that', '""', 'in', 'this', 'area', 'at', 'least', ',', 'and', 'possibly', 'more', 'widely', 'in', 'eastern', 'Britain', ',', 'large', 'tracts', 'of', 'land', 'appear', 'to', 'have', 'been', 'deserted', 'in', 'the', 'late', '4th', 'century', ',', 'possibly', 'including', 'whole', ""'"", 'small', 'towns', ""'"", 'and', 'villages', '.']"	[11, 11, 15, 13, 12, 1, 5, 7, 1, 0, 12, 4, 2, 2, 2, 1, 0, 11, 12, 0, 7, 1, 7, 15, 9, 3, 3, 15, 1, 5, 0, 0, 7, 12, 2, 15, 0, 12, 0, 7, 9, 4, 7, 12]	[11, 12, 21, 17, 0, 13, 0, 11, 13, 1, 0, 0, 3, 4, 4, 13, 1, 11, 0, 1, 11, 13, 11, 21, 15, 21, 22, 22, 13, 0, 1, 2, 11, 0, 3, 21, 1, 0, 1, 11, 15, 0, 11, 0]	[1, 6, 7, 0, 0, 0, 0, 0, 0, 0, 0, 0, 0, 0, 0, 0, 0, 0, 0, 0, 0, 0, 0, 0, 0, 0, 0, 0, 0, 0, 0, 0, 0, 0, 0, 0, 0, 0, 0, 0, 0, 0, 0, 0]
23	['This', 'does', 'not', 'seem', 'to', 'be', 'a', 'localised', 'change', 'in', 'settlement', 'location', ',', 'size', 'or', 'character', 'but', 'genuine', 'desertion', '.']	[10, 3, 9, 15, 9, 3, 5, 15, 7, 1, 7, 7, 12, 7, 4, 7, 4, 0, 7, 12]	[0, 21, 15, 21, 15, 21, 0, 21, 11, 13, 11, 12, 0, 11, 0, 11, 0, 1, 11, 0]	[0, 0, 0, 0, 0, 0, 0, 0, 0, 0, 0, 0, 0, 0, 0, 0, 0, 0, 0, 0]
24	"['""', '[', '4', ']', '\n', 'According', 'to', 'Bede', ',', 'the', 'East', 'Angles', '(', 'and', 'the', 'Middle', 'Angles', ',', 'Mercians', 'and', 'Northumbrians', ')', 'were', 'descended', 'from', 'natives', 'of', 'Angeln', '(', 'now', 'in', 'modern', 'Germany', ')', '.']"	[12, 16, 8, 16, 15, 1, 11, 12, 5, 11, 11, 12, 4, 5, 11, 11, 12, 11, 4, 11, 12, 3, 15, 1, 7, 1, 11, 12, 2, 1, 0, 11, 12, 12, -1]	[0, 19, 0, 19, 0, 21, 13, 11, 0, 0, 11, 12, 0, 0, 0, 11, 12, 0, 11, 0, 11, 0, 21, 22, 13, 11, 13, 11, 0, 3, 13, 1, 11, 0, 0]	[8, 1, 0, 7, 8, 1, 5, 0, 0, 0, 0, 0, 0, 0, 0, 0, 0, 0, 0, 0, 0, 0, 0, 0, 0, 0, 0, 0, 0, 0, 0, 0, 0, 0, 0]
25	['[', '5', ']', 'The', 'first', 'reference', 'to', 'the', 'East', 'Angles', 'is', 'from', 'about', '704–713', ',', 'in', 'the', 'Whitby', 'Life', 'of', 'St', 'Gregory', '.']	[16, 16, 12, 5, 0, 7, 1, 5, 11, 11, 3, 1, 1, 11, 12, 1, 5, 11, 11, 1, 11, 11, 12]	[19, 20, 0, 0, 1, 11, 13, 0, 11, 12, 21, 13, 14, 11, 0, 13, 0, 11, 12, 13, 11, 12, 0]	[7, 8, 0, 8, 3, 0, 0, 0, 0, 0, 0, 0, 0, 0, 0, 0, 0, 0, 0, 0, 0, 0, 0]
26	['[', '6', ']', 'While', 'the', 'archaeological', 'and', 'linguistic', 'evidence', 'suggests', 'that', 'a', 'large', '-', 'scale', 'migration', 'and', 'settlement', 'of', 'the', 'region', 'by', 'continental', 'Germanic', 'speakers', 'occurred,[7', ']', 'it', 'has', 'been', 'questioned', 'whether', 'all', 'of', 'the', 'migrants', 'self', '-', 'identified', 'as', 'Angles', '.']	[16, 8, 16, 13, 5, 0, 4, 0, 7, 15, 13, 5, 0, 12, 7, 7, 4, 7, 1, 5, 7, 1, 0, 11, 7, 7, 12, 10, 3, 3, 15, 13, 10, 1, 5, 7, 7, 12, 15, 1, 11, 12]	[19, 0, 19, 17, 0, 1, 0, 1, 11, 21, 17, 0, 1, 0, 11, 12, 0, 11, 13, 0, 11, 13, 1, 11, 12, 12, 0, 0, 21, 22, 22, 17, 0, 13, 0, 11, 12, 0, 21, 13, 11, 0]	[7, 4, 7, 7, 0, 0, 0, 0, 0, 0, 0, 0, 0, 0, 0, 0, 0, 0, 0, 0, 0, 0, 0, 0, 0, 0, 0, 0, 0, 0, 0, 0, 0, 0, 0, 0, 0, 0, 0, 0, 0, 0]
27	['[', '8][9', ']', '\n', 'The', 'East', 'Angles', 'formed', 'one', 'of', 'seven', 'kingdoms', 'known', 'to', 'post', '-', 'medieval', 'historians', 'as', 'the', 'Heptarchy', ',', 'a', 'scheme', 'used', 'by', 'Henry', 'of', 'Huntingdon', 'in', 'the', '12th', 'century', '.']	[16, 16, 16, 5, 11, 11, 15, 8, 1, 8, 7, 15, 1, 0, 0, 0, 7, 1, 5, 11, 12, 5, 7, 15, 1, 11, 1, 11, 1, 5, 0, 7, 12, -1]	[19, 20, 20, 0, 0, 11, 12, 21, 0, 13, 0, 11, 21, 13, 1, 2, 2, 11, 13, 0, 11, 0, 0, 11, 21, 13, 11, 13, 11, 13, 0, 1, 11, 0]	[7, 8, 4, 4, 8, 0, 0, 0, 0, 0, 0, 0, 0, 0, 0, 0, 0, 0, 0, 0, 0, 0, 0, 0, 0, 0, 0, 0, 0, 0, 0, 0, 0, 0]
28	['Some', 'modern', 'historians', 'have', 'questioned', 'whether', 'the', 'seven', 'ever', 'existed', 'contemporaneously', 'and', 'claim', 'the', 'political', 'situation', 'was', 'far', 'more', 'complicated', '.']	[5, 0, 7, 3, 15, 13, 5, 8, 2, 15, 2, 4, 15, 5, 0, 7, 3, 2, 2, 0, 12]	[0, 1, 11, 21, 22, 17, 0, 0, 3, 21, 3, 0, 21, 0, 1, 11, 21, 3, 4, 1, 0]	[8, 0, 0, 0, 0, 0, 0, 0, 0, 0, 0, 0, 0, 0, 0, 0, 0, 0, 0, 0, 0]
29	"['[', '10', ']', '\n', 'The', 'East', 'Angles', 'were', 'initially', 'ruled', 'by', 'the', 'pagan', 'Wuffingas', 'dynasty', ',', 'apparently', 'named', 'after', 'an', 'early', 'king', 'Wuffa', ',', 'although', 'his', 'name', 'may', 'be', 'a', 'back', '-', 'creation', 'from', 'the', 'name', 'of', 'the', 'dynasty', ',', 'which', 'means', '""', 'descendants', 'of', 'the', 'wolf', '""', '.']"	[16, 8, 12, 5, 11, 11, 3, 2, 15, 1, 5, 11, 11, 7, 12, 2, 15, 1, 5, 0, 7, 11, 12, 13, 10, 7, 3, 3, 5, 7, 12, 7, 1, 5, 7, 1, 5, 7, 12, 10, 15, 12, 7, 1, 5, 7, 12, 12, -1]	[19, 0, 0, 0, 0, 11, 12, 21, 3, 21, 13, 0, 11, 12, 12, 0, 3, 21, 13, 0, 1, 11, 12, 0, 17, 0, 11, 21, 22, 0, 11, 0, 11, 13, 0, 11, 13, 0, 11, 0, 0, 21, 0, 11, 13, 0, 11, 0, 0]	[7, 2, 2, 8, 0, 0, 0, 0, 0, 0, 0, 0, 0, 0, 0, 0, 0, 0, 0, 0, 0, 0, 0, 0, 0, 0, 0, 0, 0, 0, 0, 0, 0, 0, 0, 0, 0, 0, 0, 0, 0, 0, 0, 0, 0, 0, 0, 0, 0]
30	"['[', '3', ']', 'An', 'indispensable', 'source', 'on', 'the', 'early', 'history', 'of', 'the', 'kingdom', 'and', 'its', 'rulers', 'is', 'Bede', ""'s"", 'Ecclesiastical', 'History', 'of', 'the', 'English', 'People,[a', ']', 'but', 'he', 'provided', 'little', 'on', 'the', 'chronology', 'of', 'the', 'East', 'Anglian', 'kings', 'or', 'the', 'length', 'of', 'their', 'reigns', '.']"	[16, 16, 12, 5, 0, 7, 1, 5, 0, 7, 1, 5, 7, 4, 10, 7, 3, 11, 9, 11, 7, 1, 5, 11, 7, 12, 4, 10, 15, 0, 1, 5, 7, 1, 5, 0, 0, 7, 4, 5, 7, 1, 10, 7, 12]	[19, 20, 0, 0, 1, 11, 13, 0, 1, 11, 13, 0, 11, 0, 0, 11, 21, 11, 15, 11, 12, 13, 0, 11, 12, 0, 0, 0, 21, 1, 13, 0, 11, 13, 0, 1, 2, 11, 0, 0, 11, 13, 0, 11, 0]	[7, 2, 8, 0, 0, 0, 0, 0, 0, 0, 0, 0, 0, 0, 0, 0, 0, 0, 0, 0, 0, 0, 0, 0, 0, 0, 0, 0, 0, 0, 0, 0, 0, 0, 0, 0, 0, 0, 0, 0, 0, 0, 0, 0, 0]
31	['[', '12', ']', 'Nothing', 'is', 'known', 'of', 'the', 'earliest', 'kings', ',', 'or', 'how', 'the', 'kingdom', 'was', 'organised', ',', 'although', 'a', 'possible', 'centre', 'of', 'royal', 'power', 'is', 'the', 'concentration', 'of', 'ship', '-', 'burials', 'at', 'Snape', 'and', 'Sutton', 'Hoo', 'in', 'eastern', 'Suffolk', '.']	[16, 8, 12, 10, 3, 15, 1, 5, 0, 7, 12, 4, 13, 5, 7, 3, 15, 12, 13, 5, 0, 7, 1, 0, 7, 3, 5, 7, 1, 7, 12, 7, 1, 11, 4, 11, 11, 1, 0, 11, 12]	[19, 0, 0, 0, 21, 22, 13, 0, 1, 11, 0, 0, 17, 0, 11, 21, 22, 0, 17, 0, 1, 11, 13, 1, 11, 21, 0, 11, 13, 11, 0, 11, 13, 11, 0, 11, 12, 13, 1, 11, 0]	[7, 4, 2, 6, 0, 0, 0, 0, 0, 0, 0, 0, 0, 0, 0, 0, 0, 0, 0, 0, 0, 0, 0, 0, 0, 0, 0, 0, 0, 0, 0, 0, 0, 0, 0, 0, 0, 0, 0, 0, 0]
32	"['The', '""', 'North', 'Folk', '""', 'and', '""', 'South', 'Folk', '""', 'may', 'have', 'existed', 'before', 'the', 'arrival', 'of', 'the', 'first', 'East', 'Anglian', 'kings', '.']"	[5, 12, 11, 11, 12, 4, 12, 11, 11, 12, 3, 3, 15, 1, 5, 7, 1, 5, 0, 11, 0, 7, 12]	[0, 0, 11, 12, 0, 0, 0, 11, 12, 0, 21, 22, 22, 13, 0, 11, 13, 0, 1, 11, 1, 11, 0]	[8, 8, 0, 0, 0, 0, 0, 0, 0, 0, 0, 0, 0, 0, 0, 0, 0, 0, 0, 0, 0, 0, 0]
33	"['[', '13', ']', '\n', 'The', 'most', 'powerful', 'of', 'the', 'Wuffingas', 'kings', 'was', 'Rædwald', ',', '""', 'son', 'of', 'Tytil', ',', 'whose', 'father', 'was', 'Wuffa"",[3', ']', 'according', 'to', 'the', 'Ecclesiastical', 'History', '.']"	[16, 8, 12, 5, 2, 0, 1, 5, 11, 7, 3, 11, 12, 12, 7, 1, 11, 12, 5, 7, 3, 0, 16, 15, 1, 5, 11, 11, 12, -1]	[19, 0, 0, 0, 0, 3, 1, 13, 0, 11, 12, 21, 11, 0, 0, 11, 13, 11, 0, 0, 11, 21, 1, 19, 21, 13, 0, 11, 12, 0]	[7, 8, 6, 4, 0, 0, 0, 0, 0, 0, 0, 0, 0, 0, 0, 0, 0, 0, 0, 0, 0, 0, 0, 0, 0, 0, 0, 0, 0, 0]
34	['For', 'a', 'brief', 'period', 'in', 'the', 'early', '7th', 'century', ',', 'whilst', 'Rædwald', 'ruled', ',', 'East', 'Anglia', 'was', 'among', 'the', 'most', 'powerful', 'kingdoms', 'in', 'Anglo', '-', 'Saxon', 'England', ':', 'he', 'was', 'described', 'by', 'Bede', 'as', 'the', 'overlord', 'of', 'the', 'kingdoms', 'south', 'of', 'the', 'Humber', '.']	[1, 5, 0, 7, 1, 5, 0, 0, 7, 12, 13, 11, 15, 12, 11, 11, 3, 1, 5, 2, 0, 7, 1, 11, 12, 11, 11, 12, 10, 3, 15, 1, 11, 1, 5, 7, 1, 5, 7, 2, 1, 5, 11, 12]	[13, 0, 1, 11, 13, 0, 1, 2, 11, 0, 17, 11, 21, 0, 11, 12, 21, 13, 0, 3, 1, 11, 13, 11, 0, 11, 12, 0, 0, 21, 22, 13, 11, 13, 0, 11, 13, 0, 11, 3, 13, 0, 11, 0]	[7, 6, 7, 1, 0, 0, 0, 0, 0, 0, 0, 0, 0, 0, 0, 0, 0, 0, 0, 0, 0, 0, 0, 0, 0, 0, 0, 0, 0, 0, 0, 0, 0, 0, 0, 0, 0, 0, 0, 0, 0, 0, 0, 0]
35	['[', '14', ']', 'and', 'the', 'Anglo', '-', 'Saxon', 'Chronicle', 'identifies', 'him', 'as', 'Bretwalda', '.']	[16, 8, 12, 4, 5, 11, 12, 11, 11, 15, 10, 1, 11, 12]	[19, 0, 0, 0, 0, 11, 0, 11, 12, 21, 0, 13, 11, 0]	[7, 4, 4, 0, 0, 0, 0, 0, 0, 0, 0, 0, 0, 0]
36	['In', '616', ',', 'he', 'had', 'been', 'strong', 'enough', 'to', 'defeat', 'and', 'kill', 'the', 'Northumbrian', 'king', 'Æthelfrith', 'at', 'the', 'Battle', 'of', 'the', 'River', 'Idle', 'and', 'enthrone', 'Edwin', 'of', 'Northumbria', '.']	[1, 8, 12, 10, 3, 3, 0, 2, 9, 15, 4, 15, 5, 0, 7, 11, 1, 5, 11, 1, 5, 11, 11, 4, 7, 11, 1, 11, 12]	[13, 0, 0, 0, 21, 22, 1, 3, 15, 21, 0, 21, 0, 1, 11, 12, 13, 0, 11, 13, 0, 11, 12, 0, 11, 12, 13, 11, 0]	[7, 8, 0, 2, 5, 0, 0, 0, 0, 0, 0, 0, 0, 0, 0, 0, 0, 0, 0, 0, 0, 0, 0, 0, 0, 0, 0, 0, 0]
37	['[', '15', ']', 'He', 'was', 'probably', 'the', 'individual', 'honoured', 'by', 'the', 'sumptuous', 'ship', 'burial', 'at', 'Sutton', 'Hoo', '.']	[16, 16, 12, 10, 3, 2, 5, 7, 15, 1, 5, 0, 7, 7, 1, 11, 11, 12]	[19, 20, 0, 0, 21, 3, 0, 11, 21, 13, 0, 1, 11, 12, 13, 11, 12, 0]	[7, 4, 0, 0, 0, 0, 0, 0, 0, 0, 0, 0, 0, 0, 0, 0, 0, 0]
38	['[', '16', ']', 'It', 'has', 'been', 'suggested', 'by', 'Blair', ',', 'on', 'the', 'strength', 'of', 'parallels', 'between', 'some', 'objects', 'found', 'under', 'Mound', '1', 'at', 'Sutton', 'Hoo', 'and', 'those', 'discovered', 'at', 'Vendel', 'in', 'Sweden', ',', 'that', 'the', 'Wuffingas', 'may', 'have', 'been', 'descendants', 'of', 'an', 'eastern', 'Swedish', 'royal', 'family', '.']	[16, 8, 12, 10, 3, 3, 15, 1, 11, 12, 1, 5, 7, 1, 7, 1, 5, 7, 15, 1, 11, 8, 1, 11, 11, 4, 10, 15, 1, 11, 1, 11, 12, 13, 5, 11, 3, 3, 3, 7, 1, 5, 0, 0, 0, 7, 12]	[19, 0, 0, 0, 21, 22, 22, 13, 11, 0, 13, 0, 11, 13, 11, 13, 0, 11, 21, 13, 11, 0, 13, 11, 12, 0, 0, 21, 13, 11, 13, 11, 0, 17, 0, 11, 21, 22, 22, 11, 13, 0, 1, 2, 2, 11, 0]	[7, 2, 2, 4, 1, 6, 8, 7, 0, 0, 0, 0, 0, 0, 0, 0, 0, 0, 0, 0, 0, 0, 0, 0, 0, 0, 0, 0, 0, 0, 0, 0, 0, 0, 0, 0, 0, 0, 0, 0, 0, 0, 0, 0, 0, 0, 0]
39	['However', ',', 'the', 'items', 'previously', 'thought', 'to', 'have', 'come', 'from', 'Sweden', 'are', 'now', 'believed', 'to', 'have', 'been', 'made', 'in', 'England', ',', 'and', 'it', 'seems', 'less', 'likely', 'that', 'the', 'Wuffingas', 'were', 'of', 'Swedish', 'origin', '.']	[2, 12, 5, 7, 2, 15, 9, 3, 15, 1, 11, 3, 2, 15, 9, 3, 3, 15, 1, 11, 12, 4, 10, 15, 2, 0, 13, 5, 11, 3, 1, 0, 7, 12]	[3, 0, 0, 11, 3, 21, 15, 21, 22, 13, 11, 21, 3, 21, 15, 21, 22, 22, 13, 11, 0, 0, 0, 21, 3, 1, 17, 0, 11, 21, 13, 1, 11, 0]	[5, 6, 8, 7, 0, 0, 0, 0, 0, 0, 0, 0, 0, 0, 0, 0, 0, 0, 0, 0, 0, 0, 0, 0, 0, 0, 0, 0, 0, 0, 0, 0, 0, 0]
40	['[', '13', ']', '\n', 'Anglo', '-', 'Saxon', 'Christianity', 'became', 'established', 'in', 'the', '7th', 'century', '.']	[16, 8, 12, 11, 12, 11, 11, 3, 15, 1, 5, 0, 7, 12, -1]	[19, 0, 0, 0, 11, 0, 11, 12, 21, 22, 13, 0, 1, 11, 0]	[7, 8, 8, 8, 0, 0, 0, 0, 0, 0, 0, 0, 0, 0, 0]
41	['The', 'extent', 'to', 'which', 'paganism', 'was', 'displaced', 'is', 'exemplified', 'by', 'a', 'lack', 'of', 'any', 'East', 'Anglian', 'settlement', 'named', 'after', 'the', 'old', 'gods', '.']	[5, 7, 9, 5, 7, 3, 15, 3, 15, 1, 5, 7, 1, 5, 0, 0, 7, 15, 1, 5, 0, 7, 12]	[0, 11, 15, 0, 11, 21, 22, 22, 22, 13, 0, 11, 13, 0, 1, 2, 11, 21, 13, 0, 1, 11, 0]	[8, 0, 0, 0, 0, 0, 0, 0, 0, 0, 0, 0, 0, 0, 0, 0, 0, 0, 0, 0, 0, 0, 0]
42	['[', '17', ']', '\n', 'In', '604', ',', 'Rædwald', 'became', 'the', 'first', 'East', 'Anglian', 'king', 'to', 'be', 'baptised', '.']	[16, 8, 16, 1, 8, 12, 11, 15, 5, 0, 11, 0, 7, 9, 3, 15, 12, -1]	[19, 0, 19, 0, 13, 0, 0, 11, 21, 0, 1, 11, 1, 11, 15, 21, 22, 0]	[7, 8, 7, 8, 0, 0, 0, 0, 0, 0, 0, 0, 0, 0, 0, 0, 0, 0]
43	['He', 'maintained', 'a', 'Christian', 'altar', ',', 'but', 'at', 'the', 'same', 'time', 'continued', 'to', 'worship', 'pagan', 'gods', '.']	[10, 15, 5, 0, 7, 12, 4, 1, 5, 0, 7, 15, 9, 15, 0, 7, 12]	[0, 21, 0, 1, 11, 0, 0, 13, 0, 1, 11, 21, 15, 21, 1, 11, 0]	[8, 0, 0, 0, 0, 0, 0, 0, 0, 0, 0, 0, 0, 0, 0, 0, 0]
44	"['[', '18', ']', 'From', '616', ',', 'when', 'pagan', 'monarchs', 'briefly', 'returned', 'in', 'Kent', 'and', 'Essex', ',', 'East', 'Anglia', 'until', 'Rædwald', ""'s"", 'death', 'was', 'the', 'only', 'Anglo', '-', 'Saxon', 'kingdom', 'with', 'a', 'reigning', 'baptised', 'king', '.']"	[16, 8, 12, 1, 8, 12, 13, 11, 2, 2, 15, 1, 11, 4, 11, 12, 11, 11, 13, 11, 9, 7, 3, 5, 0, 0, 12, 11, 7, 1, 5, 15, 15, 7, 12]	[19, 0, 0, 13, 0, 0, 17, 11, 3, 4, 21, 13, 11, 0, 11, 0, 11, 12, 17, 11, 15, 11, 21, 0, 1, 2, 0, 11, 12, 13, 0, 21, 22, 11, 0]	[7, 8, 6, 5, 6, 8, 0, 0, 0, 0, 0, 0, 0, 0, 0, 0, 0, 0, 0, 0, 0, 0, 0, 0, 0, 0, 0, 0, 0, 0, 0, 0, 0, 0, 0]
45	['On', 'his', 'death', 'in', 'around', '624', ',', 'he', 'was', 'succeeded', 'by', 'his', 'son', 'Eorpwald', ',', 'who', 'was', 'soon', 'afterwards', 'converted', 'from', 'paganism', 'under', 'the', 'influence', 'of', 'Edwin,[3', ']', 'but', 'his', 'new', 'religion', 'was', 'evidently', 'opposed', 'in', 'East', 'Anglia', 'and', 'Eorpwald', 'met', 'his', 'death', 'at', 'the', 'hands', 'of', 'a', 'pagan', ',', 'Ricberht', '.']	[1, 10, 7, 1, 1, 8, 12, 10, 3, 15, 1, 10, 7, 11, 12, 10, 3, 2, 2, 15, 1, 7, 1, 5, 7, 1, 11, 12, 4, 10, 0, 7, 3, 2, 15, 1, 11, 11, 4, 11, 15, 10, 7, 1, 5, 7, 1, 5, 7, 12, 11, 12]	[13, 0, 11, 13, 14, 0, 0, 0, 21, 22, 13, 0, 11, 12, 0, 0, 21, 3, 4, 21, 13, 11, 13, 0, 11, 13, 11, 0, 0, 0, 1, 11, 21, 3, 21, 13, 11, 12, 0, 11, 21, 0, 11, 13, 0, 11, 13, 0, 11, 0, 11, 0]	[7, 2, 5, 1, 4, 0, 0, 0, 0, 0, 0, 0, 0, 0, 0, 0, 0, 0, 0, 0, 0, 0, 0, 0, 0, 0, 0, 0, 0, 0, 0, 0, 0, 0, 0, 0, 0, 0, 0, 0, 0, 0, 0, 0, 0, 0, 0, 0, 0, 0, 0, 0]
46	"['After', 'three', 'years', 'of', 'apostasy', ',', 'Christianity', 'prevailed', 'with', 'the', 'accession', 'of', 'Eorpwald', ""'s"", 'brother', '(', 'or', 'step', '-', 'brother', ')', 'Sigeberht', ',', 'who', 'had', 'been', 'baptised', 'during', 'his', 'exile', 'in', 'Francia', '.']"	[1, 8, 7, 1, 7, 12, 11, 15, 1, 5, 7, 1, 11, 9, 7, 12, 4, 7, 12, 7, 12, 11, 12, 10, 3, 3, 15, 1, 10, 7, 1, 11, 12]	[13, 0, 11, 13, 11, 0, 11, 21, 13, 0, 11, 13, 11, 15, 11, 0, 0, 11, 0, 11, 0, 11, 0, 0, 21, 22, 22, 13, 0, 11, 13, 11, 0]	[7, 8, 3, 5, 0, 0, 0, 0, 0, 0, 0, 0, 0, 0, 0, 0, 0, 0, 0, 0, 0, 0, 0, 0, 0, 0, 0, 0, 0, 0, 0, 0, 0]
47	['[', '19', ']', 'Sigeberht', 'oversaw', 'the', 'establishment', 'of', 'the', 'first', 'East', 'Anglian', 'see', 'for', 'Felix', 'of', 'Burgundy', 'at', 'Dommoc', ',', 'probably', 'Dunwich', '.']	[16, 8, 12, 3, 15, 5, 7, 1, 5, 0, 11, 11, 7, 1, 11, 1, 11, 1, 11, 12, 2, 11, 12]	[19, 0, 0, 21, 22, 0, 11, 13, 0, 1, 11, 12, 12, 13, 11, 13, 11, 13, 11, 0, 3, 11, 0]	[7, 8, 8, 7, 6, 6, 0, 0, 0, 0, 0, 0, 0, 0, 0, 0, 0, 0, 0, 0, 0, 0, 0]
48	['[', '20', ']', 'He', 'later', 'abdicated', 'in', 'favour', 'of', 'his', 'brother', 'Ecgric', 'and', 'retired', 'to', 'a', 'monastery', '.']	[16, 8, 12, 10, 2, 15, 1, 7, 1, 10, 7, 11, 4, 15, 1, 5, 7, 12]	[19, 0, 0, 0, 3, 21, 13, 11, 13, 0, 11, 12, 0, 21, 13, 0, 11, 0]	[7, 0, 0, 0, 0, 0, 0, 0, 0, 0, 0, 0, 0, 0, 0, 0, 0, 0]
49	['[', '21', ']', '\n', 'The', 'three', 'daughters', 'of', 'Anna', 'of', 'East', 'Anglia', ',', 'Æthelthryth', ',', 'Wendreda', ',', 'Seaxburh', 'of', 'Ely', ',', 'are', 'associated', 'with', 'the', 'founding', 'of', 'abbeys', '.']	[16, 8, 12, 5, 8, 7, 1, 11, 1, 11, 11, 12, 11, 12, 11, 12, 11, 1, 11, 12, 3, 15, 1, 5, 7, 1, 7, 12, -1]	[19, 0, 0, 0, 0, 0, 11, 13, 11, 13, 11, 12, 0, 11, 0, 11, 0, 11, 13, 11, 0, 21, 22, 13, 0, 11, 13, 11, 0]	[7, 8, 6, 6, 6, 4, 0, 0, 0, 0, 0, 0, 0, 0, 0, 0, 0, 0, 0, 0, 0, 0, 0, 0, 0, 0, 0, 0, 0]
50	['The', 'eminence', 'of', 'East', 'Anglia', 'under', 'Rædwald', 'fell', 'victim', 'to', 'the', 'rising', 'power', 'of', 'Penda', 'of', 'Mercia', 'and', 'successors', '.']	[5, 7, 1, 11, 11, 1, 11, 15, 7, 1, 5, 15, 7, 1, 11, 1, 11, 4, 7, 12]	[0, 11, 13, 11, 12, 13, 11, 21, 11, 13, 0, 21, 11, 13, 11, 13, 11, 0, 11, 0]	[6, 5, 1, 1, 0, 0, 0, 0, 0, 0, 0, 0, 0, 0, 0, 0, 0, 0, 0, 0]
51	['From', 'the', 'mid-7th', 'to', 'early', '9th', 'centuries', 'Mercian', 'power', 'grew', ',', 'until', 'a', 'vast', 'region', 'from', 'the', 'Thames', 'to', 'the', 'Humber', ',', 'including', 'East', 'Anglia', 'and', 'the', 'south', '-', 'east', ',', 'came', 'under', 'Mercian', 'hegemony', '.']	[1, 5, 8, 1, 0, 0, 7, 0, 7, 15, 12, 1, 5, 0, 7, 1, 5, 11, 1, 5, 11, 12, 15, 11, 11, 4, 5, 11, 12, 11, 12, 15, 1, 0, 7, 12]	[13, 0, 0, 13, 1, 2, 11, 1, 11, 21, 0, 13, 0, 1, 11, 13, 0, 11, 13, 0, 11, 0, 21, 11, 12, 0, 0, 11, 0, 11, 0, 21, 13, 1, 11, 0]	[7, 8, 6, 7, 0, 0, 0, 0, 0, 0, 0, 0, 0, 0, 0, 0, 0, 0, 0, 0, 0, 0, 0, 0, 0, 0, 0, 0, 0, 0, 0, 0, 0, 0, 0, 0]
52	['[', '22', ']', 'In', 'the', 'early', '640s', ',', 'Penda', 'defeated', 'and', 'killed', 'both', 'Ecgric', 'and', 'Sigeberht,[18', ']', 'who', ',', 'having', 'retired', 'to', 'religious', 'life', 'was', 'later', 'venerated', 'as', 'a', 'saint', '.']	[16, 8, 16, 1, 5, 0, 7, 12, 11, 15, 4, 15, 10, 0, 4, 11, 12, 10, 12, 3, 15, 1, 0, 7, 3, 2, 15, 1, 5, 7, 12]	[19, 0, 19, 13, 0, 1, 11, 0, 11, 21, 0, 21, 0, 1, 0, 11, 0, 0, 0, 21, 22, 13, 1, 11, 21, 3, 21, 13, 0, 11, 0]	[7, 8, 1, 7, 0, 0, 0, 0, 0, 0, 0, 0, 0, 0, 0, 0, 0, 0, 0, 0, 0, 0, 0, 0, 0, 0, 0, 0, 0, 0, 0]
53	"['[', '23', ']', 'Ecgric', ""'s"", 'successor', 'Anna', 'and', 'Anna', ""'s"", 'son', 'Jurmin', 'were', 'killed', 'in', '654', 'at', 'the', 'Battle', 'of', 'Bulcamp', ',', 'near', 'Blythburgh', '.']"	[16, 8, 12, 11, 9, 7, 11, 4, 11, 9, 7, 11, 3, 15, 1, 8, 1, 5, 11, 1, 11, 12, 1, 11, 12]	[19, 0, 0, 11, 15, 11, 12, 0, 11, 15, 11, 12, 21, 22, 13, 0, 13, 0, 11, 13, 11, 0, 13, 11, 0]	[7, 4, 2, 1, 1, 7, 8, 6, 0, 0, 0, 0, 0, 0, 0, 0, 0, 0, 0, 0, 0, 0, 0, 0, 0]
54	"['[', '24', ']', 'Freed', 'from', 'Anna', ""'s"", 'challenge', ',', 'Penda', 'subjected', 'East', 'Anglia', 'to', 'the', 'Mercians', '.']"	[16, 8, 12, 15, 1, 11, 9, 7, 12, 11, 15, 11, 11, 1, 5, 11, 12]	[19, 0, 0, 21, 13, 11, 15, 11, 0, 11, 21, 11, 12, 13, 0, 11, 0]	[7, 2, 2, 5, 7, 0, 0, 0, 0, 0, 0, 0, 0, 0, 0, 0, 0]
55	['[', '25', ']', 'In', '655', 'Æthelhere', 'of', 'East', 'Anglia', 'joined', 'Penda', 'in', 'a', 'campaign', 'against', 'Oswiu', 'that', 'ended', 'in', 'a', 'massive', 'Mercian', 'defeat', 'at', 'the', 'Battle', 'of', 'the', 'Winwaed', ',', 'where', 'Penda', 'and', 'his', 'ally', 'Æthelhere', 'were', 'killed', '.']	[16, 8, 12, 1, 8, 11, 1, 11, 11, 15, 11, 1, 5, 7, 1, 11, 10, 15, 1, 5, 0, 0, 7, 1, 5, 11, 1, 5, 11, 12, 13, 11, 4, 10, 7, 11, 3, 15, 12]	[19, 0, 0, 13, 0, 11, 13, 11, 12, 21, 11, 13, 0, 11, 13, 11, 0, 21, 13, 0, 1, 2, 11, 13, 0, 11, 13, 0, 11, 0, 17, 11, 0, 0, 11, 12, 21, 22, 0]	[7, 8, 2, 1, 4, 0, 1, 0, 0, 0, 0, 0, 0, 0, 0, 0, 0, 0, 0, 0, 0, 0, 0, 0, 0, 0, 0, 0, 0, 0, 0, 0, 0, 0, 0, 0, 0, 0, 0]
56	['[', '26', ']', '\n', 'The', 'last', 'Wuffingas', 'king', 'was', 'Ælfwald', ',', 'who', 'died', 'in', '749', '.']	[16, 8, 12, 5, 0, 11, 7, 3, 11, 12, 10, 15, 1, 8, 12, -1]	[19, 0, 0, 0, 0, 1, 11, 12, 21, 11, 0, 0, 21, 13, 0, 0]	[7, 8, 2, 8, 0, 0, 0, 0, 0, 0, 0, 0, 0, 0, 0, 0]
57	['[', '27', ']', 'During', 'the', 'late', '7th', 'and', '8th', 'centuries', 'East', 'Anglia', 'continued', 'to', 'be', 'overshadowed', 'by', 'Mercian', 'hegemony', 'until', ',', 'in', '794', ',', 'Offa', 'of', 'Mercia', 'had', 'the', 'East', 'Anglian', 'king', 'Æthelberht', 'executed', 'and', 'then', 'took', 'control', 'of', 'the', 'kingdom', 'for', 'himself', '.']	[16, 8, 12, 1, 5, 0, 0, 4, 0, 7, 11, 11, 15, 9, 3, 15, 1, 0, 7, 13, 12, 1, 8, 12, 11, 1, 11, 15, 5, 0, 0, 7, 11, 15, 4, 2, 15, 7, 1, 5, 7, 1, 10, 12]	[19, 0, 0, 13, 0, 1, 2, 0, 1, 11, 12, 12, 21, 15, 21, 22, 13, 1, 11, 17, 0, 13, 0, 0, 11, 13, 11, 21, 0, 1, 2, 11, 12, 21, 0, 3, 21, 11, 13, 0, 11, 13, 0, 0]	[7, 8, 6, 7, 8, 3, 8, 0, 0, 0, 0, 0, 0, 0, 0, 0, 0, 0, 0, 0, 0, 0, 0, 0, 0, 0, 0, 0, 0, 0, 0, 0, 0, 0, 0, 0, 0, 0, 0, 0, 0, 0, 0, 0]
58	"['[', '28', ']', 'A', 'brief', 'revival', 'of', 'East', 'Anglian', 'independence', 'under', 'Eadwald', ',', 'after', 'Offa', ""'s"", 'death', 'in', '796', ',', 'was', 'suppressed', 'by', 'the', 'new', 'Mercian', 'king', ',', 'Coenwulf', '.']"	[16, 8, 16, 5, 0, 7, 1, 0, 0, 7, 1, 11, 12, 1, 11, 9, 7, 1, 8, 12, 3, 15, 1, 5, 0, 0, 7, 12, 11, 12]	[19, 0, 19, 0, 1, 11, 13, 1, 2, 11, 13, 11, 0, 13, 11, 15, 11, 13, 0, 0, 21, 22, 13, 0, 1, 2, 11, 0, 11, 0]	[7, 8, 1, 6, 7, 7, 5, 0, 0, 0, 0, 0, 0, 0, 0, 0, 0, 0, 0, 0, 0, 0, 0, 0, 0, 0, 0, 0, 0, 0]
59	['[', '29', ']', '\n', 'East', 'Anglian', 'independence', 'was', 'restored', 'by', 'a', 'rebellion', 'against', 'Mercia', 'led', 'by', 'Æthelstan', 'in', '825', '.']	[16, 8, 12, 0, 0, 7, 3, 15, 1, 5, 7, 1, 11, 15, 1, 11, 1, 8, 12, -1]	[19, 0, 0, 0, 1, 2, 11, 21, 22, 13, 0, 11, 13, 11, 21, 13, 11, 13, 0, 0]	[7, 8, 2, 6, 7, 0, 0, 0, 0, 0, 0, 0, 0, 0, 0, 0, 0, 0, 0, 0]
60	"['Beornwulf', 'of', 'Mercia', ""'s"", 'attempt', 'to', 'restore', 'Mercian', 'control', 'resulted', 'in', 'his', 'defeat', 'and', 'death', ',', 'and', 'his', 'successor', 'Ludeca', 'met', 'the', 'same', 'end', 'in', '827', '.']"	[11, 1, 11, 9, 7, 9, 15, 0, 7, 15, 1, 10, 7, 4, 7, 12, 4, 10, 7, 11, 15, 5, 0, 7, 1, 8, 12]	[11, 13, 11, 15, 11, 15, 21, 1, 11, 21, 13, 0, 11, 0, 11, 0, 0, 0, 11, 12, 21, 0, 1, 11, 13, 0, 0]	[1, 7, 1, 7, 0, 0, 0, 0, 0, 0, 0, 0, 0, 0, 0, 0, 0, 0, 0, 0, 0, 0, 0, 0, 0, 0, 0]
61	['The', 'East', 'Angles', 'appealed', 'to', 'Egbert', 'of', 'Wessex', 'for', 'protection', 'against', 'the', 'Mercians', 'and', 'Æthelstan', 'then', 'acknowledged', 'Egbert', 'as', 'his', 'overlord', '.']	[5, 11, 11, 15, 1, 11, 1, 11, 1, 7, 1, 5, 11, 4, 11, 2, 15, 11, 1, 10, 7, 12]	[0, 11, 12, 21, 13, 11, 13, 11, 13, 11, 13, 0, 11, 0, 11, 3, 21, 11, 13, 0, 11, 0]	[4, 7, 6, 1, 0, 0, 0, 0, 0, 0, 0, 0, 0, 0, 0, 0, 0, 0, 0, 0, 0, 0]
62	['Whilst', 'Wessex', 'took', 'control', 'of', 'the', 'south', '-', 'eastern', 'kingdoms', 'absorbed', 'by', 'Mercia', 'in', 'the', '8th', 'century', ',', 'East', 'Anglia', 'could', 'retain', 'its', 'independence', '.']	[13, 11, 15, 7, 1, 5, 2, 12, 11, 7, 15, 1, 11, 1, 5, 0, 7, 12, 11, 11, 3, 15, 10, 7, 12]	[17, 11, 21, 11, 13, 0, 3, 0, 11, 12, 21, 13, 11, 13, 0, 1, 11, 0, 11, 12, 21, 22, 0, 11, 0]	[1, 1, 7, 5, 0, 0, 0, 0, 0, 0, 0, 0, 0, 0, 0, 0, 0, 0, 0, 0, 0, 0, 0, 0, 0]
63	['[', '30', ']', '\n', 'In', '865', ',', 'East', 'Anglia', 'was', 'invaded', 'by', 'the', 'Danish', 'Great', 'Heathen', 'Army', ',', 'which', 'occupied', 'winter', 'quarters', 'and', 'secured', 'horses', 'before', 'departing', 'for', 'Northumbria', '.']	[16, 8, 16, 1, 8, 12, 11, 11, 3, 15, 1, 5, 11, 11, 11, 11, 12, 10, 15, 7, 7, 4, 15, 7, 1, 15, 1, 11, 12, -1]	[19, 0, 19, 0, 13, 0, 0, 11, 12, 21, 22, 13, 0, 11, 12, 12, 12, 0, 0, 21, 11, 12, 0, 21, 11, 13, 21, 13, 11, 0]	[7, 8, 5, 4, 7, 2, 0, 0, 0, 0, 0, 0, 0, 0, 0, 0, 0, 0, 0, 0, 0, 0, 0, 0, 0, 0, 0, 0, 0, 0]
64	['[', '31', ']', 'The', 'Danes', 'returned', 'in', '869', 'to', 'winter', 'at', 'Thetford', ',', 'before', 'being', 'attacked', 'by', 'the', 'forces', 'of', 'Edmund', 'of', 'East', 'Anglia', ',', 'who', 'was', 'defeated', 'and', 'killed', 'at', 'Hægelisdun[b', ']', 'and', 'then', 'buried', 'at', 'Beodericsworth', '.']	[16, 8, 12, 5, 11, 15, 1, 8, 1, 7, 1, 11, 12, 1, 3, 15, 1, 5, 7, 1, 11, 1, 11, 11, 12, 10, 3, 15, 4, 15, 1, 8, 12, 4, 2, 15, 1, 11, 12]	[19, 0, 0, 0, 11, 21, 13, 0, 13, 11, 13, 11, 0, 13, 21, 22, 13, 0, 11, 13, 11, 13, 11, 12, 0, 0, 21, 22, 0, 21, 13, 0, 0, 0, 3, 21, 13, 11, 0]	[7, 8, 8, 6, 5, 5, 3, 0, 0, 0, 0, 0, 0, 0, 0, 0, 0, 0, 0, 0, 0, 0, 0, 0, 0, 0, 0, 0, 0, 0, 0, 0, 0, 0, 0, 0, 0, 0, 0]
65	"['Following', 'his', 'death', 'Edmund', 'became', 'known', 'as', ""'"", 'the', 'Martyr', ""'"", 'and', 'venerated', 'as', 'patron', 'saint', 'and', 'the', 'town', 'of', 'Bury', 'St', 'Edmunds', 'was', 'established', 'there', '.']"	[15, 10, 7, 11, 3, 15, 1, 12, 5, 11, 12, 4, 15, 1, 7, 7, 4, 5, 7, 1, 11, 11, 11, 3, 15, 2, 12]	[21, 0, 11, 12, 21, 22, 13, 0, 0, 11, 0, 0, 21, 13, 11, 12, 0, 0, 11, 13, 11, 12, 12, 21, 22, 3, 0]	[0, 0, 0, 0, 0, 0, 0, 0, 0, 0, 0, 0, 0, 0, 0, 0, 0, 0, 0, 0, 0, 0, 0, 0, 0, 0, 0]
66	['From', 'then', 'on', 'East', 'Anglia', 'effectively', 'ceased', 'to', 'be', 'an', 'independent', 'kingdom', '.']	[1, 2, 1, 11, 11, 2, 15, 9, 3, 5, 0, 7, 12]	[13, 3, 13, 11, 12, 3, 21, 15, 21, 0, 1, 11, 0]	[5, 0, 0, 0, 0, 0, 0, 0, 0, 0, 0, 0, 0]
67	['Having', 'defeated', 'the', 'East', 'Angles', ',', 'the', 'Danes', 'installed', 'puppet', '-', 'kings', 'to', 'govern', 'on', 'their', 'behalf', ',', 'while', 'they', 'resumed', 'their', 'campaigns', 'against', 'Mercia', 'and', 'Wessex', '.']	[3, 15, 5, 11, 11, 12, 5, 11, 15, 7, 12, 7, 9, 15, 1, 10, 7, 12, 13, 10, 15, 10, 7, 1, 11, 4, 11, 12]	[21, 22, 0, 11, 12, 0, 0, 11, 21, 11, 0, 11, 15, 21, 13, 0, 11, 0, 17, 0, 21, 0, 11, 13, 11, 0, 11, 0]	[0, 4, 2, 1, 0, 0, 0, 0, 0, 0, 0, 0, 0, 0, 0, 0, 0, 0, 0, 0, 0, 0, 0, 0, 0, 0, 0, 0]
68	['[', '34', ']', 'In', '878', 'the', 'last', 'active', 'portion', 'of', 'the', 'Great', 'Heathen', 'Army', 'was', 'defeated', 'by', 'Alfred', 'the', 'Great', 'and', 'withdrew', 'from', 'Wessex', 'after', 'making', 'peace', 'and', 'agreeing', 'that', 'the', 'Danes', 'would', 'treat', 'the', 'Christians', 'equally', '.']	[16, 8, 16, 1, 8, 5, 0, 0, 7, 1, 5, 11, 11, 11, 3, 15, 1, 11, 5, 11, 4, 15, 1, 11, 1, 15, 7, 4, 15, 13, 5, 11, 3, 15, 5, 11, 2, 12]	[19, 0, 19, 13, 0, 0, 1, 2, 11, 13, 0, 11, 12, 12, 21, 22, 13, 11, 0, 11, 0, 21, 13, 11, 13, 21, 11, 0, 21, 17, 0, 11, 21, 22, 0, 11, 3, 0]	[7, 8, 3, 3, 8, 4, 7, 0, 0, 0, 0, 0, 0, 0, 0, 0, 0, 0, 0, 0, 0, 0, 0, 0, 0, 0, 0, 0, 0, 0, 0, 0, 0, 0, 0, 0, 0, 0]
69	"['The', 'treaty', 'between', 'Alfred', 'and', 'Guthrum', 'acknowledged', 'the', 'latter', ""'s"", 'landholdings', 'in', 'East', 'Anglia', '.']"	[5, 7, 1, 11, 4, 11, 15, 5, 7, 9, 7, 1, 11, 11, 12]	[0, 11, 13, 11, 0, 11, 21, 0, 11, 15, 11, 13, 11, 12, 0]	[4, 1, 5, 0, 0, 0, 0, 0, 0, 0, 0, 0, 0, 0, 0]
70	"['In', '880', 'the', 'Vikings', 'returned', 'to', 'East', 'Anglia', 'under', 'Guthrum', ',', 'who', 'according', 'to', 'the', 'medieval', 'historian', 'Pauline', 'Stafford', ',', '""', 'swiftly', 'adapted', 'to', 'territorial', 'kingship', 'and', 'its', 'trappings', ',', 'including', 'the', 'minting', 'of', 'coins', '.']"	[1, 8, 5, 11, 15, 1, 11, 11, 1, 11, 12, 10, 15, 1, 5, 0, 7, 11, 11, 12, 12, 2, 15, 1, 0, 7, 4, 10, 7, 12, 15, 5, 7, 1, 7, 12]	[13, 0, 0, 11, 21, 13, 11, 12, 13, 11, 0, 0, 21, 13, 0, 1, 11, 12, 12, 0, 0, 3, 21, 13, 1, 11, 0, 0, 11, 0, 21, 0, 11, 13, 11, 0]	[7, 4, 6, 1, 1, 0, 0, 0, 0, 0, 0, 0, 0, 0, 0, 0, 0, 0, 0, 0, 0, 0, 0, 0, 0, 0, 0, 0, 0, 0, 0, 0, 0, 0, 0, 0]
71	"['""', '[', '35', ']', '\n', 'Along', 'with', 'the', 'traditional', 'territory', 'of', 'East', 'Anglia', ',', 'Cambridgeshire', 'and', 'parts', 'of', 'Bedfordshire', 'and', 'Hertfordshire', ',', 'Guthrum', ""'s"", 'kingdom', 'probably', 'included', 'Essex', ',', 'the', 'one', 'portion', 'of', 'Wessex', 'to', 'come', 'under', 'Danish', 'control', '.']"	[12, 16, 8, 12, 1, 1, 5, 0, 7, 1, 11, 11, 12, 11, 4, 7, 1, 11, 4, 11, 12, 11, 9, 7, 2, 15, 11, 12, 5, 8, 7, 1, 11, 9, 15, 1, 0, 7, 12, -1]	[0, 19, 0, 0, 0, 13, 14, 0, 1, 11, 13, 11, 12, 0, 11, 0, 11, 13, 11, 0, 11, 0, 11, 15, 11, 3, 21, 11, 0, 0, 0, 11, 13, 11, 15, 21, 13, 1, 11, 0]	[8, 5, 6, 6, 2, 7, 6, 8, 0, 0, 0, 0, 0, 0, 0, 0, 0, 0, 0, 0, 0, 0, 0, 0, 0, 0, 0, 0, 0, 0, 0, 0, 0, 0, 0, 0, 0, 0, 0, 0]
72	['[', '36', ']', 'A', 'peace', 'treaty', 'was', 'made', 'between', 'Alfred', 'and', 'Guthrum', 'sometime', 'in', 'the', '880s', '.']	[16, 8, 12, 5, 7, 7, 3, 15, 1, 11, 4, 11, 2, 1, 5, 7, 12]	[19, 0, 0, 0, 11, 12, 21, 22, 13, 11, 0, 11, 3, 13, 0, 11, 0]	[7, 2, 2, 8, 0, 0, 0, 0, 0, 0, 0, 0, 0, 0, 0, 0, 0]
73	['[', '37', ']', '\n', 'Under', 'Scandinavian', 'control', ',', 'there', 'are', 'settlements', 'in', 'East', 'Anglia', 'which', 'have', 'names', 'with', 'Old', 'Norse', 'elements', ',', 'e.g.']	[16, 8, 16, 1, 0, 7, 12, 10, 15, 7, 1, 11, 11, 10, 15, 7, 1, 11, 11, 7, 12, 2, -1]	[19, 0, 19, 0, 13, 1, 11, 0, 0, 21, 11, 13, 11, 12, 0, 21, 11, 13, 11, 12, 12, 0, 3]	[7, 8, 5, 4, 0, 0, 0, 0, 0, 0, 0, 0, 0, 0, 0, 0, 0, 0, 0, 0, 0, 0, 0]
74	"[""'"", '-thorp', ""'"", ',', ""'"", '-by', ""'"", '\n', 'In', 'the', 'early', '10th', 'century', ',', 'the', 'East', 'Anglian', 'Danes', 'came', 'under', 'increasing', 'pressure', 'from', 'Edward', ',', 'King', 'of', 'Wessex', '.']"	[12, 16, 8, 12, 12, 2, 12, 1, 5, 0, 0, 7, 12, 5, 11, 11, 11, 15, 1, 15, 7, 1, 11, 12, 11, 1, 11, 12, -1]	[0, 19, 0, 0, 0, 3, 0, 0, 13, 0, 1, 2, 11, 0, 0, 11, 12, 12, 21, 13, 21, 11, 13, 11, 0, 11, 13, 11, 0]	[8, 7, 2, 4, 0, 0, 0, 0, 0, 0, 0, 0, 0, 0, 0, 0, 0, 0, 0, 0, 0, 0, 0, 0, 0, 0, 0, 0, 0]
75	"['In', '901', ',', 'Edward', ""'s"", 'cousin', 'Æthelwold', 'ætheling,[c', ']', 'having', 'been', 'driven', 'into', 'exile', 'after', 'an', 'unsuccessful', 'bid', 'for', 'the', 'throne', ',', 'arrived', 'in', 'Essex', 'after', 'a', 'stay', 'in', 'Northumbria', '.']"	[1, 8, 12, 11, 9, 7, 11, 11, 12, 3, 3, 15, 1, 7, 1, 5, 0, 7, 1, 5, 7, 12, 15, 1, 11, 1, 5, 7, 1, 11, 12]	[13, 0, 0, 11, 15, 11, 12, 12, 0, 21, 22, 22, 13, 11, 13, 0, 1, 11, 13, 0, 11, 0, 21, 13, 11, 13, 0, 11, 13, 11, 0]	[7, 2, 2, 5, 5, 0, 0, 0, 0, 0, 0, 0, 0, 0, 0, 0, 0, 0, 0, 0, 0, 0, 0, 0, 0, 0, 0, 0, 0, 0, 0]
76	['He', 'was', 'apparently', 'accepted', 'as', 'king', 'by', 'some', 'or', 'all', 'Danes', 'in', 'England', 'and', 'induced', 'the', 'East', 'Anglian', 'Danes', 'to', 'wage', 'war', 'on', 'Edward', 'in', 'Mercia', 'and', 'Wessex', '.']	[10, 3, 2, 15, 1, 7, 1, 10, 4, 5, 11, 1, 11, 4, 15, 5, 11, 11, 7, 9, 15, 7, 1, 11, 1, 11, 4, 11, 12]	[0, 21, 3, 21, 13, 11, 13, 0, 0, 0, 11, 13, 11, 0, 21, 0, 11, 12, 12, 15, 21, 11, 13, 11, 13, 11, 0, 11, 0]	[8, 5, 0, 1, 1, 1, 0, 0, 0, 0, 0, 0, 0, 0, 0, 0, 0, 0, 0, 0, 0, 0, 0, 0, 0, 0, 0, 0, 0]
77	['This', 'ended', 'in', 'disaster', 'with', 'the', 'death', 'of', 'Æthelwold', 'and', 'of', 'Eohric', 'of', 'East', 'Anglia', 'in', 'battle', 'in', 'December', '902', '.']	[10, 15, 1, 7, 1, 5, 7, 1, 11, 4, 1, 11, 1, 11, 11, 1, 7, 1, 11, 8, 12]	[0, 21, 13, 11, 13, 0, 11, 13, 11, 0, 13, 11, 13, 11, 12, 13, 11, 13, 11, 0, 0]	[2, 3, 7, 0, 0, 0, 0, 0, 0, 0, 0, 0, 0, 0, 0, 0, 0, 0, 0, 0, 0]
78	['[', '38', ']', '\n', 'From', '911–917', ',', 'Edward', 'expanded', 'his', 'control', 'over', 'the', 'rest', 'of', 'England', 'south', 'of', 'the', 'Humber', ',', 'establishing', 'in', 'Essex', 'and', 'Mercia', 'burhs', ',', 'often', 'designed', 'to', 'control', 'the', 'use', 'of', 'a', 'river', 'by', 'the', 'Danes', '.']	[16, 8, 16, 1, 8, 12, 11, 15, 10, 7, 1, 5, 7, 1, 11, 2, 1, 5, 11, 12, 15, 1, 11, 4, 11, 7, 12, 2, 15, 9, 15, 5, 7, 1, 5, 7, 1, 5, 11, 12, -1]	[19, 0, 19, 0, 13, 0, 0, 11, 21, 0, 11, 13, 0, 11, 13, 11, 3, 13, 0, 11, 0, 21, 13, 11, 0, 11, 12, 0, 3, 21, 15, 21, 0, 11, 13, 0, 11, 13, 0, 11, 0]	[7, 8, 1, 6, 1, 8, 2, 3, 0, 0, 0, 0, 0, 0, 0, 0, 0, 0, 0, 0, 0, 0, 0, 0, 0, 0, 0, 0, 0, 0, 0, 0, 0, 0, 0, 0, 0, 0, 0, 0, 0]
79	['[', '39', ']', 'In', '917', ',', 'the', 'Danish', 'position', 'in', 'the', 'area', 'suddenly', 'collapsed', '.']	[16, 8, 12, 1, 8, 12, 5, 0, 7, 1, 5, 7, 2, 15, 12]	[19, 0, 0, 13, 0, 0, 0, 1, 11, 13, 0, 11, 3, 21, 0]	[7, 8, 8, 0, 0, 0, 0, 0, 0, 0, 0, 0, 0, 0, 0]
80	['A', 'rapid', 'succession', 'of', 'defeats', 'culminated', 'in', 'the', 'loss', 'of', 'the', 'territories', 'of', 'Northampton', 'and', 'Huntingdon', ',', 'along', 'with', 'the', 'rest', 'of', 'Essex', ':', 'a', 'Danish', 'king', ',', 'probably', 'from', 'East', 'Anglia', ',', 'was', 'killed', 'at', 'Tempsford', '.']	[5, 0, 7, 1, 7, 15, 1, 5, 7, 1, 5, 7, 1, 11, 4, 11, 12, 1, 1, 5, 7, 1, 11, 12, 5, 0, 7, 12, 2, 1, 11, 11, 12, 3, 15, 1, 11, 12]	[0, 1, 11, 13, 11, 21, 13, 0, 11, 13, 0, 11, 13, 11, 0, 11, 0, 13, 14, 0, 11, 13, 11, 0, 0, 1, 11, 0, 3, 13, 11, 12, 0, 21, 22, 13, 11, 0]	[6, 5, 7, 7, 5, 5, 0, 0, 0, 0, 0, 0, 0, 0, 0, 0, 0, 0, 0, 0, 0, 0, 0, 0, 0, 0, 0, 0, 0, 0, 0, 0, 0, 0, 0, 0, 0, 0]
81	"['Despite', 'reinforcement', 'from', 'overseas', ',', 'the', 'Danish', 'counter', '-', 'attacks', 'were', 'crushed', ',', 'and', 'after', 'the', 'defection', 'of', 'many', 'of', 'their', 'English', 'subjects', 'as', 'Edward', ""'s"", 'army', 'advanced', ',', 'the', 'Danes', 'of', 'East', 'Anglia', 'and', 'of', 'Cambridge', 'capitulated', '.']"	[13, 7, 1, 2, 12, 5, 11, 7, 7, 7, 3, 15, 12, 4, 1, 5, 7, 1, 0, 1, 10, 0, 7, 13, 11, 9, 7, 15, 12, 5, 11, 1, 11, 11, 4, 1, 11, 15, 12]	[17, 11, 13, 3, 0, 0, 11, 12, 12, 12, 21, 22, 0, 0, 13, 0, 11, 13, 1, 13, 0, 1, 11, 17, 11, 15, 11, 21, 0, 0, 11, 13, 11, 12, 0, 13, 11, 21, 0]	[7, 7, 1, 7, 6, 6, 0, 0, 0, 0, 0, 0, 0, 0, 0, 0, 0, 0, 0, 0, 0, 0, 0, 0, 0, 0, 0, 0, 0, 0, 0, 0, 0, 0, 0, 0, 0, 0, 0]
82	['[', '40', ']', '\n', 'East', 'Anglia', 'was', 'absorbed', 'into', 'the', 'Kingdom', 'of', 'Wessex', 'in', '917', '.']	[16, 8, 12, 11, 11, 3, 15, 1, 5, 11, 1, 11, 1, 8, 12, -1]	[19, 0, 0, 0, 11, 12, 21, 22, 13, 0, 11, 13, 11, 13, 0, 0]	[7, 6, 6, 8, 0, 0, 0, 0, 0, 0, 0, 0, 0, 0, 0, 0]
83	['Norfolk', 'and', 'Suffolk', 'became', 'part', 'of', 'a', 'new', 'earldom', 'of', 'East', 'Anglia', 'in', '1017', ',', 'when', 'Thorkell', 'the', 'Tall', 'was', 'made', 'earl', 'by', 'Cnut', 'the', 'Great', '.']	[11, 4, 11, 15, 7, 1, 5, 0, 0, 1, 11, 11, 1, 8, 12, 13, 11, 5, 11, 3, 15, 0, 1, 11, 5, 11, 12]	[11, 0, 11, 21, 11, 13, 0, 1, 2, 13, 11, 12, 13, 0, 0, 17, 11, 0, 11, 21, 22, 1, 13, 11, 0, 11, 0]	[5, 6, 5, 7, 3, 1, 0, 0, 0, 0, 0, 0, 0, 0, 0, 0, 0, 0, 0, 0, 0, 0, 0, 0, 0, 0, 0]
84	['[', '41', ']', 'The', 'restored', 'ecclesiastical', 'structure', 'saw', 'two', 'former', 'East', 'Anglian', 'bishoprics', '(', 'Elmham', 'and', 'Dunwich', ')', 'replaced', 'by', 'a', 'single', 'one', 'at', 'North', 'Elmham', '.']	[16, 8, 12, 5, 15, 0, 7, 15, 8, 0, 11, 0, 7, 12, 11, 4, 11, 12, 15, 1, 5, 0, 7, 1, 11, 11, 12]	[19, 0, 0, 0, 21, 1, 11, 21, 0, 1, 11, 1, 11, 0, 11, 0, 11, 0, 21, 13, 0, 1, 11, 13, 11, 12, 0]	[7, 8, 8, 2, 5, 7, 0, 0, 0, 0, 0, 0, 0, 0, 0, 0, 0, 0, 0, 0, 0, 0, 0, 0, 0, 0, 0]
85	['[', '3', ']', '\n', 'The', 'East', 'Angles', 'spoke', 'Old', 'English', '.']	[16, 16, 12, 5, 11, 11, 15, 11, 11, 12, -1]	[19, 20, 0, 0, 0, 11, 12, 21, 11, 12, 0]	[7, 8, 0, 0, 0, 0, 0, 0, 0, 0, 0]
86	"['Their', 'language', 'is', 'historically', 'important', ',', 'as', 'they', 'were', 'among', 'the', 'first', 'Germanic', 'settlers', 'to', 'arrive', 'in', 'Britain', 'during', 'the', '5th', 'century', ':', 'according', 'to', 'Kortmann', 'and', 'Schneider', ',', 'East', 'Anglia', '""', 'can', 'seriously', 'claim', 'to', 'be', 'the', 'first', 'place', 'in', 'the', 'world', 'where', 'English', 'was', 'spoken', '.']"	[10, 7, 3, 2, 0, 12, 13, 10, 3, 1, 5, 0, 11, 7, 9, 15, 1, 11, 1, 5, 0, 7, 12, 15, 1, 11, 4, 11, 12, 11, 11, 12, 3, 2, 15, 9, 3, 5, 0, 7, 1, 5, 7, 13, 11, 3, 15, 12]	[0, 11, 21, 3, 1, 0, 17, 0, 21, 13, 0, 1, 11, 12, 15, 21, 13, 11, 13, 0, 1, 11, 0, 21, 13, 11, 0, 11, 0, 11, 12, 0, 21, 3, 21, 15, 21, 0, 1, 11, 13, 0, 11, 17, 11, 21, 22, 0]	[8, 5, 7, 3, 1, 6, 7, 8, 0, 0, 0, 0, 0, 0, 0, 0, 0, 0, 0, 0, 0, 0, 0, 0, 0, 0, 0, 0, 0, 0, 0, 0, 0, 0, 0, 0, 0, 0, 0, 0, 0, 0, 0, 0, 0, 0, 0, 0]
87	"['""', '[', '42', ']', '\n', 'The', 'evidence', 'for', 'dialects', 'in', 'Old', 'English', 'comes', 'from', 'the', 'study', 'of', 'texts', ',', 'place', '-', 'names', ',', 'personal', 'names', 'and', 'coins', '.']"	[12, 16, 8, 12, 5, 7, 1, 7, 1, 11, 11, 15, 1, 5, 7, 1, 7, 12, 7, 12, 7, 12, 0, 7, 4, 7, 12, -1]	[0, 19, 0, 0, 0, 0, 11, 13, 11, 13, 11, 12, 21, 13, 0, 11, 13, 11, 0, 11, 0, 11, 0, 1, 11, 0, 11, 0]	[8, 7, 0, 0, 0, 0, 0, 0, 0, 0, 0, 0, 0, 0, 0, 0, 0, 0, 0, 0, 0, 0, 0, 0, 0, 0, 0, 0]
88	['[', '43', ']', 'A.', 'H.', 'Smith', 'was', 'the', 'first', 'to', 'recognise', 'the', 'existence', 'of', 'a', 'separate', 'Old', 'East', 'Anglian', 'dialect', ',', 'in', 'addition', 'to', 'the', 'recognised', 'dialects', 'of', 'Northumbrian', ',', 'Mercian', ',', 'West', 'Saxon', 'and', 'Kentish', '.']	[16, 8, 12, 7, 11, 11, 3, 5, 0, 9, 15, 5, 7, 1, 5, 0, 11, 11, 0, 7, 12, 1, 7, 1, 5, 15, 7, 1, 11, 12, 11, 12, 11, 11, 4, 11, 12]	[19, 0, 0, 11, 12, 12, 21, 0, 1, 15, 21, 0, 11, 13, 0, 1, 11, 12, 1, 11, 0, 13, 11, 13, 0, 21, 11, 13, 11, 0, 11, 0, 11, 12, 0, 11, 0]	[7, 8, 8, 5, 6, 6, 7, 0, 0, 0, 0, 0, 0, 0, 0, 0, 0, 0, 0, 0, 0, 0, 0, 0, 0, 0, 0, 0, 0, 0, 0, 0, 0, 0, 0, 0, 0]
89	"['He', 'acknowledged', 'that', 'his', 'proposal', 'for', 'such', 'a', 'dialect', 'was', 'tentative', ',', 'acknowledging', 'that', '""', 'the', 'linguistic', 'boundaries', 'of', 'the', 'original', 'dialects', 'could', 'not', 'have', 'enjoyed', 'prolonged', 'stability', '.']"	[10, 15, 13, 10, 7, 1, 5, 5, 7, 3, 0, 12, 15, 13, 12, 5, 0, 7, 1, 5, 0, 7, 3, 9, 3, 15, 0, 7, 12]	[0, 21, 17, 0, 11, 13, 0, 0, 11, 21, 1, 0, 21, 17, 0, 0, 1, 11, 13, 0, 1, 11, 21, 15, 21, 22, 1, 11, 0]	[0, 0, 0, 0, 0, 0, 0, 0, 0, 0, 0, 0, 0, 0, 0, 0, 0, 0, 0, 0, 0, 0, 0, 0, 0, 0, 0, 0, 0]
90	"['""', '[', '44', ']', 'As', 'no', 'East', 'Anglian', 'manuscripts', ',', 'Old', 'English', 'inscriptions', 'or', 'literary', 'records', 'such', 'as', 'charters', 'have', 'survived', ',', 'there', 'is', 'little', 'evidence', 'to', 'support', 'the', 'existence', 'of', 'such', 'a', 'dialect', '.']"	[12, 16, 8, 12, 13, 5, 0, 0, 7, 12, 11, 11, 7, 4, 0, 7, 0, 1, 7, 3, 15, 12, 10, 15, 0, 7, 9, 15, 5, 7, 1, 5, 5, 7, 12]	[0, 19, 0, 0, 17, 0, 1, 2, 11, 0, 11, 12, 12, 0, 1, 11, 1, 13, 11, 21, 22, 0, 0, 21, 1, 11, 15, 21, 0, 11, 13, 0, 0, 11, 0]	[8, 7, 8, 0, 0, 0, 0, 0, 0, 0, 0, 0, 0, 0, 0, 0, 0, 0, 0, 0, 0, 0, 0, 0, 0, 0, 0, 0, 0, 0, 0, 0, 0, 0, 0]
91	"['According', 'to', 'a', 'study', 'by', 'Von', 'Feilitzen', 'in', 'the', '1930s', ',', 'the', 'recording', 'of', 'many', 'place', '-', 'names', 'in', 'Domesday', 'Book', 'was', '""', 'ultimately', 'based', 'on', 'the', 'evidence', 'of', 'local', 'juries', '""', 'and', 'so', 'the', 'spoken', 'form', 'of', 'Anglo', '-', 'Saxon', 'places', 'and', 'people', 'was', 'partly', 'preserved', 'in', 'this', 'way', '.']"	[15, 1, 5, 7, 1, 11, 11, 1, 5, 7, 12, 5, 7, 1, 0, 7, 12, 7, 1, 11, 11, 3, 12, 2, 15, 1, 5, 7, 1, 0, 7, 12, 4, 2, 5, 0, 7, 1, 0, 12, 11, 7, 4, 7, 3, 2, 15, 1, 5, 7, 12]	[21, 13, 0, 11, 13, 11, 12, 13, 0, 11, 0, 0, 11, 13, 1, 11, 0, 11, 13, 11, 12, 21, 0, 3, 21, 13, 0, 11, 13, 1, 11, 0, 0, 3, 0, 1, 11, 13, 1, 0, 11, 12, 0, 11, 21, 3, 21, 13, 0, 11, 0]	[1, 7, 8, 7, 0, 0, 0, 0, 0, 0, 0, 0, 0, 0, 0, 0, 0, 0, 0, 0, 0, 0, 0, 0, 0, 0, 0, 0, 0, 0, 0, 0, 0, 0, 0, 0, 0, 0, 0, 0, 0, 0, 0, 0, 0, 0, 0, 0, 0, 0, 0]
92	['[', '45', ']', 'Evidence', 'from', 'Domesday', 'Book', 'and', 'later', 'sources', 'suggests', 'that', 'a', 'dialect', 'boundary', 'once', 'existed', ',', 'corresponding', 'with', 'a', 'line', 'that', 'separates', 'from', 'their', 'neighbours', 'the', 'English', 'counties', 'of', 'Cambridgeshire', '(', 'including', 'the', 'once', 'sparsely', '-', 'inhabited', 'Fens', ')', ',', 'Norfolk', 'and', 'Suffolk', '.']	[16, 8, 12, 7, 1, 11, 11, 4, 0, 7, 15, 13, 5, 7, 7, 2, 15, 12, 15, 1, 5, 7, 10, 15, 1, 10, 7, 5, 0, 7, 1, 11, 12, 15, 5, 2, 2, 12, 15, 11, 12, 12, 11, 4, 11, 12]	[19, 0, 0, 11, 13, 11, 12, 0, 1, 11, 21, 17, 0, 11, 12, 3, 21, 0, 21, 13, 0, 11, 0, 21, 13, 0, 11, 0, 1, 11, 13, 11, 0, 21, 0, 3, 4, 0, 21, 11, 0, 0, 11, 0, 11, 0]	[7, 8, 6, 5, 5, 0, 0, 0, 0, 0, 0, 0, 0, 0, 0, 0, 0, 0, 0, 0, 0, 0, 0, 0, 0, 0, 0, 0, 0, 0, 0, 0, 0, 0, 0, 0, 0, 0, 0, 0, 0, 0, 0, 0, 0, 0]
93	['[', '46', ']', '\n', 'The', 'kingdom', 'of', 'the', 'East', 'Angles', 'bordered', 'the', 'North', 'Sea', 'to', 'the', 'north', 'and', 'the', 'east', ',', 'with', 'the', 'River', 'Stour', 'historically', 'dividing', 'it', 'from', 'the', 'East', 'Saxons', 'to', 'the', 'south', '.']	[16, 8, 12, 5, 7, 1, 5, 11, 11, 15, 5, 11, 11, 1, 5, 7, 4, 5, 7, 12, 1, 5, 11, 11, 2, 15, 10, 1, 5, 11, 11, 1, 5, 7, 12, -1]	[19, 0, 0, 0, 0, 11, 13, 0, 11, 12, 21, 0, 11, 12, 13, 0, 11, 0, 0, 11, 0, 13, 0, 11, 12, 3, 21, 0, 13, 0, 11, 12, 13, 0, 11, 0]	[7, 0, 0, 4, 0, 0, 0, 0, 0, 0, 0, 0, 0, 0, 0, 0, 0, 0, 0, 0, 0, 0, 0, 0, 0, 0, 0, 0, 0, 0, 0, 0, 0, 0, 0, 0]
94	"['The', 'North', 'Sea', 'provided', 'a', '""', 'thriving', 'maritime', 'link', 'to', 'Scandinavia', 'and', 'the', 'northern', 'reaches', 'of', 'Germany', '""', ',', 'according', 'to', 'the', 'historian', 'Richard', 'Hoggett', '.']"	[5, 11, 11, 15, 5, 12, 15, 0, 7, 1, 11, 4, 5, 0, 7, 1, 11, 12, 12, 15, 1, 5, 7, 11, 11, 12]	[0, 11, 12, 21, 0, 0, 21, 1, 11, 13, 11, 0, 0, 1, 11, 13, 11, 0, 0, 21, 13, 0, 11, 12, 12, 0]	[0, 0, 6, 1, 0, 0, 0, 0, 0, 0, 0, 0, 0, 0, 0, 0, 0, 0, 0, 0, 0, 0, 0, 0, 0, 0]
95	['The', 'port', 'of', 'Ipswich', '(', 'Gipeswic', ')', 'was', 'established', 'in', '7th', 'century', '.']	[5, 7, 1, 11, 12, 11, 12, 3, 15, 1, 0, 7, 12]	[0, 11, 13, 11, 0, 11, 0, 21, 22, 13, 1, 11, 0]	[4, 7, 0, 0, 0, 0, 0, 0, 0, 0, 0, 0, 0]
96	"['The', 'kingdom', ""'s"", 'western', 'boundary', 'varied', 'from', 'the', 'rivers', 'Ouse', ',', 'Lark', 'and', 'Kennett', 'to', 'further', 'westwards', ',', 'as', 'far', 'as', 'the', 'Cam', 'in', 'what', 'is', 'now', 'Cambridgeshire', '.']"	[5, 7, 9, 0, 7, 15, 1, 5, 7, 11, 12, 11, 4, 11, 1, 0, 7, 12, 2, 2, 1, 5, 11, 1, 10, 3, 2, 11, 12]	[0, 11, 15, 1, 11, 21, 13, 0, 11, 12, 0, 11, 0, 11, 13, 1, 11, 0, 3, 4, 13, 0, 11, 13, 0, 21, 3, 11, 0]	[2, 1, 5, 5, 0, 0, 0, 0, 0, 0, 0, 0, 0, 0, 0, 0, 0, 0, 0, 0, 0, 0, 0, 0, 0, 0, 0, 0, 0]
97	['At', 'its', 'greatest', 'extent', ',', 'the', 'kingdom', 'comprised', 'the', 'modern', '-', 'day', 'counties', 'of', 'Norfolk', ',', 'Suffolk', 'and', 'parts', 'of', 'eastern', 'Cambridgeshire', '.']	[1, 10, 0, 7, 12, 5, 7, 15, 5, 0, 12, 7, 7, 1, 11, 12, 11, 4, 7, 1, 0, 11, 12]	[13, 0, 1, 11, 0, 0, 11, 21, 0, 1, 0, 11, 12, 13, 11, 0, 11, 0, 11, 13, 1, 11, 0]	[5, 6, 5, 0, 0, 0, 0, 0, 0, 0, 0, 0, 0, 0, 0, 0, 0, 0, 0, 0, 0, 0, 0]
98	['[', '47', ']', '\n', 'Erosion', 'on', 'the', 'eastern', 'border', 'and', 'deposition', 'on', 'the', 'north', 'coast', 'altered', 'the', 'East', 'Anglian', 'coastline', 'in', 'Roman', 'and', 'Anglo', '-', 'Saxon', 'times', '(', 'and', 'continues', 'to', 'do', 'so', ')', '.']	[16, 8, 12, 11, 1, 5, 0, 7, 4, 7, 1, 5, 11, 11, 15, 5, 11, 0, 7, 1, 11, 4, 11, 12, 11, 7, 12, 4, 15, 9, 15, 2, 12, 12, -1]	[19, 0, 0, 0, 11, 13, 0, 1, 11, 0, 11, 13, 0, 11, 12, 21, 0, 11, 1, 11, 13, 11, 0, 11, 0, 11, 12, 0, 0, 21, 15, 21, 3, 0, 0]	[7, 8, 8, 8, 0, 0, 0, 0, 0, 0, 0, 0, 0, 0, 0, 0, 0, 0, 0, 0, 0, 0, 0, 0, 0, 0, 0, 0, 0, 0, 0, 0, 0, 0, 0]
99	['In', 'the', 'latter', ',', 'the', 'sea', 'flooded', 'the', 'low', '-', 'lying', 'Fens', '.']	[1, 5, 0, 12, 5, 7, 15, 5, 2, 12, 15, 11, 12]	[13, 0, 1, 0, 0, 11, 21, 0, 3, 0, 21, 11, 0]	[3, 0, 0, 0, 0, 0, 0, 0, 0, 0, 0, 0, 0]
100	"['As', 'sea', 'levels', 'fell', 'alluvium', 'was', 'deposited', 'near', 'major', 'river', 'estuaries', 'and', 'the', '""', 'Great', 'Estuary', '""', '(', 'which', 'the', 'Saxon', 'Shore', 'forts', 'at', 'Burgh', 'Castle', 'and', 'Caister', 'had', 'guarded', ')', 'became', 'closed', 'off', 'by', 'a', 'large', 'spit', 'of', 'land', '.']"	[13, 7, 7, 15, 7, 3, 15, 1, 0, 7, 7, 4, 5, 12, 11, 11, 12, 12, 10, 5, 11, 11, 7, 1, 11, 11, 4, 11, 3, 15, 12, 15, 15, 1, 1, 5, 0, 7, 1, 7, 12]	[17, 11, 12, 21, 11, 21, 22, 13, 1, 11, 12, 0, 0, 0, 11, 12, 0, 0, 0, 0, 11, 12, 12, 13, 11, 12, 0, 11, 21, 22, 0, 21, 22, 13, 14, 0, 1, 11, 13, 11, 0]	[7, 7, 8, 1, 0, 0, 0, 0, 0, 0, 0, 0, 0, 0, 0, 0, 0, 0, 0, 0, 0, 0, 0, 0, 0, 0, 0, 0, 0, 0, 0, 0, 0, 0, 0, 0, 0, 0, 0, 0, 0]
101	['[', '48', ']', '\n', 'No', 'East', 'Anglian', 'charters', '(', 'and', 'few', 'other', 'documents', ')', 'have', 'survived', ',', 'while', 'the', 'medieval', 'chronicles', 'that', 'refer', 'to', 'the', 'East', 'Angles', 'are', 'treated', 'with', 'great', 'caution', 'by', 'scholars', '.']	[16, 8, 12, 5, 0, 0, 7, 12, 4, 0, 0, 7, 12, 3, 15, 12, 13, 5, 0, 7, 10, 15, 1, 5, 11, 11, 3, 15, 1, 0, 7, 1, 7, 12, -1]	[19, 0, 0, 0, 0, 1, 2, 11, 0, 0, 1, 2, 11, 0, 21, 22, 0, 17, 0, 1, 11, 0, 21, 13, 0, 11, 12, 21, 22, 13, 1, 11, 13, 11, 0]	[7, 8, 0, 0, 0, 0, 0, 0, 0, 0, 0, 0, 0, 0, 0, 0, 0, 0, 0, 0, 0, 0, 0, 0, 0, 0, 0, 0, 0, 0, 0, 0, 0, 0, 0]
102	"['So', 'few', 'records', 'from', 'the', 'Kingdom', 'of', 'the', 'East', 'Angles', 'have', 'survived', 'because', 'of', 'a', 'complete', 'destruction', 'of', 'the', 'kingdom', ""'s"", 'monasteries', 'and', 'disappearance', 'of', 'the', 'two', 'East', 'Anglian', 'sees', 'as', 'a', 'result', 'of', 'Viking', 'raids', 'and', 'settlement', '.']"	[2, 0, 7, 1, 5, 11, 1, 5, 11, 11, 3, 15, 13, 1, 5, 0, 7, 1, 5, 7, 9, 7, 4, 7, 1, 5, 8, 11, 11, 15, 1, 5, 7, 1, 15, 7, 4, 7, 12]	[3, 1, 11, 13, 0, 11, 13, 0, 11, 12, 21, 22, 17, 13, 0, 1, 11, 13, 0, 11, 15, 11, 0, 11, 13, 0, 0, 11, 12, 21, 13, 0, 11, 13, 21, 11, 0, 11, 0]	[5, 7, 7, 0, 0, 0, 0, 0, 0, 0, 0, 0, 0, 0, 0, 0, 0, 0, 0, 0, 0, 0, 0, 0, 0, 0, 0, 0, 0, 0, 0, 0, 0, 0, 0, 0, 0, 0, 0]
103	"['[', '49', ']', 'The', 'main', 'documentary', 'source', 'for', 'the', 'early', 'period', 'is', 'Bede', ""'s"", '8th', '-', 'century', 'Ecclesiastical', 'History', 'of', 'the', 'English', 'People', '.']"	[16, 8, 12, 5, 0, 7, 7, 1, 5, 0, 7, 3, 11, 9, 0, 12, 7, 11, 7, 1, 5, 11, 11, 12]	[19, 0, 0, 0, 1, 11, 12, 13, 0, 1, 11, 21, 11, 15, 1, 0, 11, 12, 12, 13, 0, 11, 12, 0]	[7, 2, 8, 2, 7, 0, 0, 0, 0, 0, 0, 0, 0, 0, 0, 0, 0, 0, 0, 0, 0, 0, 0, 0]
104	['East', 'Anglia', 'is', 'first', 'mentioned', 'as', 'a', 'distinct', 'political', 'unit', 'in', 'the', 'Tribal', 'Hidage', ',', 'thought', 'to', 'have', 'been', 'compiled', 'somewhere', 'in', 'England', 'during', 'the', '7th', 'century', '.']	[11, 11, 3, 2, 15, 1, 5, 0, 0, 7, 1, 5, 11, 11, 12, 15, 9, 3, 3, 15, 2, 1, 11, 1, 5, 0, 7, 12]	[11, 12, 21, 3, 21, 13, 0, 1, 2, 11, 13, 0, 11, 12, 0, 21, 15, 21, 22, 22, 3, 13, 11, 13, 0, 1, 11, 0]	[5, 4, 5, 7, 0, 0, 0, 0, 0, 0, 0, 0, 0, 0, 0, 0, 0, 0, 0, 0, 0, 0, 0, 0, 0, 0, 0, 0]
105	['[', '50', ']', '\n', 'Anglo', '-', 'Saxon', 'sources', 'that', 'include', 'information', 'about', 'the', 'East', 'Angles', 'or', 'events', 'relating', 'to', 'the', 'kingdom:[51', ']', '\n', 'Post', '-', 'Norman', 'sources', '(', 'of', 'variable', 'historical', 'validity', '):', '\n', '52', '°', '30′N', '01', '°', '00′E\ufeff', '/', '\ufeff52.500', '°', 'N', '1.000', '°', 'E\ufeff', '/', '52.500', ';', '1.000']	[16, 8, 12, 0, 12, 11, 7, 10, 15, 7, 1, 5, 11, 11, 4, 7, 15, 1, 5, 11, 16, 11, 0, 0, 7, 12, 1, 0, 0, 7, 12, 8, 8, 8, 8, 8, 11, 14, 11, 8, 8, 8, 8, 7, 14, 8, 12, 8, -1, -1, -1]	[19, 0, 0, 0, 1, 0, 11, 12, 0, 21, 11, 13, 0, 11, 12, 0, 11, 21, 13, 0, 11, 19, 0, 11, 1, 2, 11, 0, 13, 1, 2, 11, 0, 0, 0, 0, 0, 0, 0, 11, 0, 11, 0, 0, 0, 0, 11, 0, 0, 0, 0]	[7, 8, 0, 4, 7, 8, 3, 8, 0, 0, 0, 0, 0, 0, 0, 0, 0, 0, 0, 0, 0, 0, 0, 0, 0, 0, 0, 0, 0, 0, 0, 0, 0, 0, 0, 0, 0, 0, 0, 0, 0, 0, 0, 0, 0, 0, 0, 0, 0, 0, 0]
