id	tokens	ner_tags
0	['An', 'orange', ',', 'also', 'called', 'sweet', 'orange', 'to', 'distinguish', 'it', 'from', 'the', 'bitter', 'orange', '(', 'Citrus', '×', 'aurantium', ')', ',', 'is', 'the', 'fruit', 'of', 'a', 'tree', 'in', 'the', 'family', 'Rutaceae', '.']	[[1, 2, 3], [1, 3], [0], [1, 3], [1, 3], [1, 3], [1, 3], [1, 3], [1, 3], [1, 3], [1, 3], [1, 3], [1, 3], [1, 3], [0], [1, 2, 3], [0], [1, 3], [0], [0], [1, 3], [1, 3], [1, 3], [1, 3], [1, 3], [1, 3], [1, 3], [1, 3], [1, 3], [1, 2, 3], [0]]
1	['Botanically', ',', 'this', 'is', 'the', 'hybrid', 'Citrus', '×', 'sinensis', ',', 'between', 'the', 'pomelo', '(', 'Citrus', 'maxima', ')', 'and', 'the', 'mandarin', 'orange', '(', 'Citrus', 'reticulata', ')', '.']	[[1, 2, 3], [0], [1, 3], [1, 3], [1, 3], [1, 3], [1, 2, 3], [0], [1, 3], [0], [1, 3], [1, 3], [1, 3], [0], [1, 2, 3], [1, 3], [0], [1, 3], [1, 3], [1, 3], [1, 3], [0], [1, 2, 3], [1, 3], [0], [0]]
2	['The', 'chloroplast', 'genome', ',', 'and', 'therefore', 'the', 'maternal', 'line', ',', 'is', 'that', 'of', 'pomelo', '.']	[[1, 2, 3], [1, 3], [1, 3], [0], [1, 3], [1, 3], [1, 3], [1, 3], [1, 3], [0], [1, 3], [1, 3], [1, 3], [1, 3], [0]]
3	['The', 'sweet', 'orange', 'has', 'had', 'its', 'full', 'genome', 'sequenced', '.']	[[1, 2, 3], [1, 3], [1, 3], [1, 3], [1, 3], [1, 3], [1, 3], [1, 3], [1, 3], [0]]
4	['The', 'orange', 'originated', 'in', 'a', 'region', 'encompassing', 'Southern', 'China', ',', 'Northeast', 'India', ',', 'and', 'Myanmar', ';', 'the', 'earliest', 'mention', 'of', 'the', 'sweet', 'orange', 'was', 'in', 'Chinese', 'literature', 'in', '314', 'BC', '.']	[[1, 2, 3], [1, 3], [1, 3], [1, 3], [1, 3], [1, 3], [1, 3], [1, 2, 3], [1, 2, 3], [0], [1, 2, 3], [1, 2, 3], [0], [1, 3], [1, 2, 3], [0], [1, 3], [1, 3], [1, 3], [1, 3], [1, 3], [1, 3], [1, 3], [1, 3], [1, 3], [1, 2, 3], [1, 3], [1, 3], [0], [1, 2, 3], [0]]
5	['Orange', 'trees', 'are', 'widely', 'grown', 'for', 'their', 'sweet', 'fruit', '.']	[[1, 2, 3], [1, 3], [1, 3], [1, 3], [1, 3], [1, 3], [1, 3], [1, 3], [1, 3], [0]]
6	['The', 'fruit', 'of', 'the', 'orange', 'tree', 'can', 'be', 'eaten', 'fresh', ',', 'or', 'processed', 'for', 'its', 'juice', 'or', 'fragrant', 'peel', '.']	[[1, 2, 3], [1, 3], [1, 3], [1, 3], [1, 3], [1, 3], [1, 3], [1, 3], [1, 3], [1, 3], [0], [1, 3], [1, 3], [1, 3], [1, 3], [1, 3], [1, 3], [1, 3], [1, 3], [0]]
7	['In', '2022', ',', '76', 'million', 'tonnes', 'of', 'oranges', 'were', 'grown', 'worldwide', ',', 'with', 'Brazil', 'producing', '22', '%', 'of', 'the', 'total', ',', 'followed', 'by', 'India', 'and', 'China', '.']	[[1, 2, 3], [0], [0], [0], [1, 3], [1, 3], [1, 3], [1, 3], [1, 3], [1, 3], [1, 3], [0], [1, 3], [1, 2, 3], [1, 3], [0], [0], [1, 3], [1, 3], [1, 3], [0], [1, 3], [1, 3], [1, 2, 3], [1, 3], [1, 2, 3], [0]]
8	['Oranges', 'have', 'featured', 'in', 'human', 'culture', 'since', 'ancient', 'times', '.']	[[1, 2, 3], [1, 3], [1, 3], [1, 3], [1, 3], [1, 3], [1, 3], [1, 3], [1, 3], [0]]
9	"['They', 'first', 'appear', 'in', 'Western', 'art', 'in', 'the', 'Arnolfini', 'Portrait', 'by', 'Jan', 'van', 'Eyck', ',', 'but', 'they', 'had', 'been', 'depicted', 'in', 'Chinese', 'art', 'centuries', 'earlier', ',', 'as', 'in', 'Zhao', 'Lingrang', ""'s"", 'Song', 'dynasty', 'fan', 'painting', 'Yellow', 'Oranges', 'and', 'Green', 'Tangerines', '.']"	[[1, 2, 3], [1, 3], [1, 3], [1, 3], [1, 2, 3], [1, 3], [1, 3], [1, 3], [1, 2, 3], [1, 2, 3], [1, 3], [1, 2, 3], [1, 3], [1, 2, 3], [0], [1, 3], [1, 3], [1, 3], [1, 3], [1, 3], [1, 3], [1, 2, 3], [1, 3], [1, 3], [1, 3], [0], [1, 3], [1, 3], [1, 2, 3], [1, 2, 3], [0], [1, 2, 3], [1, 3], [1, 3], [1, 3], [1, 2, 3], [1, 2, 3], [1, 3], [1, 2, 3], [1, 2, 3], [0]]
10	['By', 'the', '17th', 'century', ',', 'an', 'orangery', 'had', 'become', 'an', 'item', 'of', 'prestige', 'in', 'Europe', ',', 'as', 'seen', 'at', 'the', 'Versailles', 'Orangerie', '.']	[[1, 2, 3], [1, 3], [0], [1, 3], [0], [1, 3], [1, 3], [1, 3], [1, 3], [1, 3], [1, 3], [1, 3], [1, 3], [1, 3], [1, 2, 3], [0], [1, 3], [1, 3], [1, 3], [1, 3], [1, 2, 3], [1, 2, 3], [0]]
11	['More', 'recently', ',', 'artists', 'such', 'as', 'Vincent', 'van', 'Gogh', ',', 'John', 'Sloan', ',', 'and', 'Henri', 'Matisse', 'included', 'oranges', 'in', 'their', 'paintings', '.']	[[1, 2, 3], [1, 3], [0], [1, 3], [1, 3], [1, 3], [1, 2, 3], [1, 3], [1, 2, 3], [0], [1, 2, 3], [1, 2, 3], [0], [1, 3], [1, 2, 3], [1, 2, 3], [1, 3], [1, 3], [1, 3], [1, 3], [1, 3], [0]]
12	['The', 'orange', 'tree', 'is', 'a', 'relatively', 'small', 'evergreen', ',', 'flowering', 'tree', ',', 'with', 'an', 'average', 'height', 'of', '9', 'to', '10', '\xa0', 'm', '(', '30', 'to', '33', '\xa0', 'ft', ')', ',', 'although', 'some', 'very', 'old', 'specimens', 'can', 'reach', '15', '\xa0', 'm', '(', '49', '\xa0', 'ft', ')', '.']	[[1, 2, 3], [1, 3], [1, 3], [1, 3], [1, 3], [1, 3], [1, 3], [1, 3], [0], [1, 3], [1, 3], [0], [1, 3], [1, 3], [1, 3], [1, 3], [1, 3], [0], [1, 3], [0], [0], [1, 3], [0], [0], [1, 3], [0], [0], [1, 3], [0], [0], [1, 3], [1, 3], [1, 3], [1, 3], [1, 3], [1, 3], [1, 3], [0], [0], [1, 3], [0], [0], [0], [1, 3], [0], [0]]
13	['[', '1', ']', 'Its', 'oval', 'leaves', ',', 'which', 'are', 'alternately', 'arranged', ',', 'are', '4', 'to', '10', '\xa0', 'cm', '(', '1.6', 'to', '3.9', '\xa0', 'in', ')', 'long', 'and', 'have', 'crenulate', 'margins', '.']	[[0], [0], [0], [1, 2, 3], [1, 3], [1, 3], [0], [1, 3], [1, 3], [1, 3], [1, 3], [0], [1, 3], [0], [1, 3], [0], [0], [1, 3], [0], [0], [1, 3], [0], [0], [1, 3], [0], [1, 3], [1, 3], [1, 3], [1, 3], [1, 3], [0]]
14	['[', '2', ']', 'Sweet', 'oranges', 'grow', 'in', 'a', 'range', 'of', 'different', 'sizes', ',', 'and', 'shapes', 'varying', 'from', 'spherical', 'to', 'oblong', '.']	[[0], [0], [0], [1, 2, 3], [1, 3], [1, 3], [1, 3], [1, 3], [1, 3], [1, 3], [1, 3], [1, 3], [0], [1, 3], [1, 3], [1, 3], [1, 3], [1, 3], [1, 3], [1, 3], [0]]
15	['Inside', 'and', 'attached', 'to', 'the', 'rind', 'is', 'a', 'porous', 'white', 'tissue', ',', 'the', 'white', ',', 'bitter', 'mesocarp', 'or', 'albedo', '(', 'pith', ')', '.']	[[1, 2, 3], [1, 3], [1, 3], [1, 3], [1, 3], [1, 3], [1, 3], [1, 3], [1, 3], [1, 3], [1, 3], [0], [1, 3], [1, 3], [0], [1, 3], [1, 3], [1, 3], [1, 3], [0], [1, 3], [0], [0]]
16	['[', '3', ']', 'The', 'orange', 'contains', 'a', 'number', 'of', 'distinct', 'carpels', '(', 'segments', 'or', 'pigs', ',', 'botanically', 'the', 'fruits', ')', 'inside', ',', 'typically', 'about', 'ten', ',', 'each', 'delimited', 'by', 'a', 'membrane', 'and', 'containing', 'many', 'juice', '-', 'filled', 'vesicles', 'and', 'usually', 'a', 'few', 'pips', '.']	[[0], [0], [0], [1, 2, 3], [1, 3], [1, 3], [1, 3], [1, 3], [1, 3], [1, 3], [1, 3], [0], [1, 3], [1, 3], [1, 3], [0], [1, 3], [1, 3], [1, 3], [0], [1, 3], [0], [1, 3], [1, 3], [1, 3], [0], [1, 3], [1, 3], [1, 3], [1, 3], [1, 3], [1, 3], [1, 3], [1, 3], [1, 3], [0], [1, 3], [1, 3], [1, 3], [1, 3], [1, 3], [1, 3], [1, 3], [0]]
17	['When', 'unripe', ',', 'the', 'fruit', 'is', 'green', '.']	[[1, 2, 3], [1, 3], [0], [1, 3], [1, 3], [1, 3], [1, 3], [0]]
18	['The', 'grainy', 'irregular', 'rind', 'of', 'the', 'ripe', 'fruit', 'can', 'range', 'from', 'bright', 'orange', 'to', 'yellow', '-', 'orange', ',', 'but', 'frequently', 'retains', 'green', 'patches', 'or', ',', 'under', 'warm', 'climate', 'conditions', ',', 'remains', 'entirely', 'green', '.']	[[1, 2, 3], [1, 3], [1, 3], [1, 3], [1, 3], [1, 3], [1, 3], [1, 3], [1, 3], [1, 3], [1, 3], [1, 3], [1, 3], [1, 3], [1, 3], [0], [1, 3], [0], [1, 3], [1, 3], [1, 3], [1, 3], [1, 3], [1, 3], [0], [1, 3], [1, 3], [1, 3], [1, 3], [0], [1, 3], [1, 3], [1, 3], [0]]
19	['Like', 'all', 'other', 'citrus', 'fruits', ',', 'the', 'sweet', 'orange', 'is', 'non', '-', 'climacteric', ',', 'not', 'ripening', 'off', 'the', 'tree', '.']	[[1, 2, 3], [1, 3], [1, 3], [1, 3], [1, 3], [0], [1, 3], [1, 3], [1, 3], [1, 3], [1, 3], [0], [1, 3], [0], [1, 3], [1, 3], [1, 3], [1, 3], [1, 3], [0]]
20	['The', 'Citrus', 'sinensis', 'group', 'is', 'subdivided', 'into', 'four', 'classes', 'with', 'distinct', 'characteristics', ':', 'common', 'oranges', ',', 'blood', 'or', 'pigmented', 'oranges', ',', 'navel', 'oranges', ',', 'and', 'acidless', 'oranges', '.']	[[1, 2, 3], [1, 2, 3], [1, 3], [1, 3], [1, 3], [1, 3], [1, 3], [1, 3], [1, 3], [1, 3], [1, 3], [1, 3], [0], [1, 3], [1, 3], [0], [1, 3], [1, 3], [1, 3], [1, 3], [0], [1, 3], [1, 3], [0], [1, 3], [1, 3], [1, 3], [0]]
21	['[', '4][5][6', ']', 'The', 'fruit', 'is', 'a', 'hesperidium', ',', 'a', 'modified', 'berry', ';', 'it', 'is', 'covered', 'by', 'a', 'rind', 'formed', 'by', 'a', 'rugged', 'thickening', 'of', 'the', 'ovary', 'wall', '.']	[[0], [0], [0], [1, 2, 3], [1, 3], [1, 3], [1, 3], [1, 3], [0], [1, 3], [1, 3], [1, 3], [0], [1, 3], [1, 3], [1, 3], [1, 3], [1, 3], [1, 3], [1, 3], [1, 3], [1, 3], [1, 3], [1, 3], [1, 3], [1, 3], [1, 3], [1, 3], [0]]
22	['[', '7][8', ']', '\n', 'Citrus', 'trees', 'are', 'angiosperms', ',', 'and', 'most', 'species', 'are', 'almost', 'entirely', 'interfertile', '.']	[[0], [0], [0], [0], [1, 2, 3], [1, 3], [1, 3], [1, 3], [0], [1, 3], [1, 3], [1, 3], [1, 3], [1, 3], [1, 3], [1, 3], [0]]
23	['This', 'includes', 'grapefruits', ',', 'lemons', ',', 'limes', ',', 'oranges', ',', 'and', 'many', 'citrus', 'hybrids', '.']	[[1, 2, 3], [1, 3], [1, 3], [0], [1, 3], [0], [1, 3], [0], [1, 3], [0], [1, 3], [1, 3], [1, 3], [1, 3], [0]]
24	['As', 'the', 'interfertility', 'of', 'oranges', 'and', 'other', 'citrus', 'has', 'produced', 'numerous', 'hybrids', 'and', 'cultivars', ',', 'and', 'bud', 'mutations', 'have', 'also', 'been', 'selected', ',', 'citrus', 'taxonomy', 'has', 'proven', 'difficult', '.']	[[1, 2, 3], [1, 3], [1, 3], [1, 3], [1, 3], [1, 3], [1, 3], [1, 3], [1, 3], [1, 3], [1, 3], [1, 3], [1, 3], [1, 3], [0], [1, 3], [1, 3], [1, 3], [1, 3], [1, 3], [1, 3], [1, 3], [0], [1, 3], [1, 3], [1, 3], [1, 3], [1, 3], [0]]
25	['[', '9', ']', '\n', 'The', 'sweet', 'orange', ',', 'Citrus', 'x', 'sinensis,[10', ']', 'is', 'not', 'a', 'wild', 'fruit', ',', 'but', 'arose', 'in', 'domestication', 'in', 'East', 'Asia', '.']	[[0], [0], [0], [0], [1, 2, 3], [1, 3], [1, 3], [0], [1, 2, 3], [1, 3], [0], [0], [1, 3], [1, 3], [1, 3], [1, 3], [1, 3], [0], [1, 3], [1, 3], [1, 3], [1, 3], [1, 3], [1, 2, 3], [1, 2, 3], [0]]
26	['It', 'originated', 'in', 'a', 'region', 'encompassing', 'Southern', 'China', ',', 'Northeast', 'India,[11', ']', 'and', 'Myanmar', '.']	[[1, 2, 3], [1, 3], [1, 3], [1, 3], [1, 3], [1, 3], [1, 2, 3], [1, 2, 3], [0], [1, 2, 3], [0], [0], [1, 3], [1, 2, 3], [0]]
27	['[', '12', ']', '\n', 'The', 'fruit', 'was', 'created', 'as', 'a', 'cross', 'between', 'a', 'non', '-', 'pure', 'mandarin', 'orange', 'and', 'a', 'hybrid', 'pomelo', 'that', 'had', 'a', 'substantial', 'mandarin', 'component', '.']	[[0], [0], [0], [0], [1, 2, 3], [1, 3], [1, 3], [1, 3], [1, 3], [1, 3], [1, 3], [1, 3], [1, 3], [1, 3], [0], [1, 3], [1, 3], [1, 3], [1, 3], [1, 3], [1, 3], [1, 3], [1, 3], [1, 3], [1, 3], [1, 3], [1, 3], [1, 3], [0]]
28	['[', '13][14', ']', 'Since', 'its', 'chloroplast', 'DNA', 'is', 'that', 'of', 'pomelo', ',', 'it', 'was', 'likely', 'the', 'hybrid', 'pomelo', ',', 'perhaps', 'a', 'pomelo', 'BC1', 'backcross', ',', 'that', 'was', 'the', 'maternal', 'parent', 'of', 'the', 'first', 'orange', '.']	[[0], [0], [0], [1, 2, 3], [1, 3], [1, 3], [1, 2, 3], [1, 3], [1, 3], [1, 3], [1, 3], [0], [1, 3], [1, 3], [1, 3], [1, 3], [1, 3], [1, 3], [0], [1, 3], [1, 3], [1, 3], [2], [1, 3], [0], [1, 3], [1, 3], [1, 3], [1, 3], [1, 3], [1, 3], [1, 3], [1, 3], [1, 3], [0]]
29	['[', '15][16', ']', 'Based', 'on', 'genomic', 'analysis', ',', 'the', 'relative', 'proportions', 'of', 'the', 'ancestral', 'species', 'in', 'the', 'sweet', 'orange', 'are', 'approximately', '42', '%', 'pomelo', 'and', '58', '%', 'mandarin', '.']	[[0], [0], [0], [1, 2, 3], [1, 3], [1, 3], [1, 3], [0], [1, 3], [1, 3], [1, 3], [1, 3], [1, 3], [1, 3], [1, 3], [1, 3], [1, 3], [1, 3], [1, 3], [1, 3], [1, 3], [0], [0], [1, 3], [1, 3], [0], [0], [1, 3], [0]]
30	['[', '17', ']', 'All', 'varieties', 'of', 'the', 'sweet', 'orange', 'descend', 'from', 'this', 'prototype', 'cross', ',', 'differing', 'only', 'by', 'mutations', 'selected', 'for', 'during', 'agricultural', 'propagation', '.']	[[0], [0], [0], [1, 2, 3], [1, 3], [1, 3], [1, 3], [1, 3], [1, 3], [1, 3], [1, 3], [1, 3], [1, 3], [1, 3], [0], [1, 3], [1, 3], [1, 3], [1, 3], [1, 3], [1, 3], [1, 3], [1, 3], [1, 3], [0]]
31	['[', '16', ']', 'Sweet', 'oranges', 'have', 'a', 'distinct', 'origin', 'from', 'the', 'bitter', 'orange', ',', 'which', 'arose', 'independently', ',', 'perhaps', 'in', 'the', 'wild', ',', 'from', 'a', 'cross', 'between', 'pure', 'mandarin', 'and', 'pomelo', 'parents', '.']	[[0], [0], [0], [1, 2, 3], [1, 3], [1, 3], [1, 3], [1, 3], [1, 3], [1, 3], [1, 3], [1, 3], [1, 3], [0], [1, 3], [1, 3], [1, 3], [0], [1, 3], [1, 3], [1, 3], [1, 3], [0], [1, 3], [1, 3], [1, 3], [1, 3], [1, 3], [1, 3], [1, 3], [1, 3], [1, 3], [0]]
32	['[', '16', ']', '\n', 'Sweet', 'oranges', 'have', 'in', 'turn', 'given', 'rise', 'to', 'many', 'further', 'hybrids', 'including', 'the', 'grapefruit', ',', 'which', 'arose', 'from', 'a', 'sweet', 'orange', 'x', 'pomelo', 'backcross', '.']	[[0], [0], [0], [0], [1, 2, 3], [1, 3], [1, 3], [1, 3], [1, 3], [1, 3], [1, 3], [1, 3], [1, 3], [1, 3], [1, 3], [1, 3], [1, 3], [1, 3], [0], [1, 3], [1, 3], [1, 3], [1, 3], [1, 3], [1, 3], [1, 3], [1, 3], [1, 3], [0]]
33	['Spontaneous', 'and', 'engineered', 'backcrosses', 'between', 'the', 'sweet', 'orange', 'and', 'mandarin', 'oranges', 'or', 'tangerines', 'have', 'produced', 'the', 'clementine', 'and', 'murcott', '.']	[[1, 2, 3], [1, 3], [1, 3], [1, 3], [1, 3], [1, 3], [1, 3], [1, 3], [1, 3], [1, 3], [1, 3], [1, 3], [1, 3], [1, 3], [1, 3], [1, 3], [1, 3], [1, 3], [1, 3], [0]]
34	['The', 'ambersweet', 'is', 'a', 'complex', 'sweet', 'orange', 'x', '(', 'Orlando', 'tangelo', 'x', 'clementine', ')', 'hybrid', '.']	[[1, 2, 3], [1, 3], [1, 3], [1, 3], [1, 3], [1, 3], [1, 3], [1, 3], [0], [1, 2, 3], [1, 3], [1, 3], [1, 3], [0], [1, 3], [0]]
35	['[', '17][18', ']', 'The', 'citranges', 'are', 'a', 'group', 'of', 'sweet', 'orange', 'x', 'trifoliate', 'orange', '(', 'Citrus', 'trifoliata', ')', 'hybrids', '.']	[[0], [0], [0], [1, 2, 3], [1, 3], [1, 3], [1, 3], [1, 3], [1, 3], [1, 3], [1, 3], [1, 3], [1, 3], [1, 3], [0], [1, 2, 3], [1, 3], [0], [1, 3], [0]]
36	['[', '19', ']', '\n', 'In', 'Europe', ',', 'the', 'Moors', 'introduced', 'citrus', 'fruits', 'including', 'the', 'bitter', 'orange', ',', 'lemon', ',', 'and', 'lime', 'to', 'Al', '-', 'Andalus', 'in', 'the', 'Iberian', 'Peninsula', 'during', 'the', 'Arab', 'Agricultural', 'Revolution', '.']	[[0], [0], [0], [0], [1, 2, 3], [1, 2, 3], [0], [1, 3], [1, 2, 3], [1, 3], [1, 3], [1, 3], [1, 3], [1, 3], [1, 3], [1, 3], [0], [1, 3], [0], [1, 3], [1, 3], [1, 3], [1, 2, 3], [0], [1, 2, 3], [1, 3], [1, 3], [1, 2, 3], [1, 2, 3], [1, 3], [1, 3], [1, 2, 3], [1, 2, 3], [1, 2, 3], [0]]
37	['[', '20', ']', 'Large', '-', 'scale', 'cultivation', 'started', 'in', 'the', '10th', 'century', ',', 'as', 'evidenced', 'by', 'complex', 'irrigation', 'techniques', 'specifically', 'adapted', 'to', 'support', 'orange', 'orchards', '.']	[[0], [0], [0], [1, 2, 3], [0], [1, 3], [1, 3], [1, 3], [1, 3], [1, 3], [0], [1, 3], [0], [1, 3], [1, 3], [1, 3], [1, 3], [1, 3], [1, 3], [1, 3], [1, 3], [1, 3], [1, 3], [1, 3], [1, 3], [0]]
38	['[', '21][20', ']', 'Citrus', 'fruits', '—', 'among', 'them', 'the', 'bitter', 'orange', '—', 'were', 'introduced', 'to', 'Sicily', 'in', 'the', '9th', 'century', 'during', 'the', 'period', 'of', 'the', 'Emirate', 'of', 'Sicily', ',', 'but', 'the', 'sweet', 'orange', 'was', 'unknown', 'there', 'until', 'the', 'late', '15th', 'century', 'or', 'the', 'beginnings', 'of', 'the', '16th', 'century', ',', 'when', 'Italian', 'and', 'Portuguese', 'merchants', 'brought', 'orange', 'trees', 'into', 'the', 'Mediterranean', 'area', '.']	[[0], [0], [0], [1, 2, 3], [1, 3], [0], [1, 3], [1, 3], [1, 3], [1, 3], [1, 3], [0], [1, 3], [1, 3], [1, 3], [1, 2, 3], [1, 3], [1, 3], [0], [1, 3], [1, 3], [1, 3], [1, 3], [1, 3], [1, 3], [1, 2, 3], [1, 3], [1, 2, 3], [0], [1, 3], [1, 3], [1, 3], [1, 3], [1, 3], [1, 3], [1, 3], [1, 3], [1, 3], [1, 3], [0], [1, 3], [1, 3], [1, 3], [1, 3], [1, 3], [1, 3], [0], [1, 3], [0], [1, 3], [1, 2, 3], [1, 3], [1, 2, 3], [1, 3], [1, 3], [1, 3], [1, 3], [1, 3], [1, 3], [1, 2, 3], [1, 3], [0]]
39	['[', '11', ']', '\n', 'Shortly', 'afterward', ',', 'the', 'sweet', 'orange', 'quickly', 'was', 'adopted', 'as', 'an', 'edible', 'fruit', '.']	[[0], [0], [0], [0], [1, 2, 3], [1, 3], [0], [1, 3], [1, 3], [1, 3], [1, 3], [1, 3], [1, 3], [1, 3], [1, 3], [1, 3], [1, 3], [0]]
40	['It', 'was', 'considered', 'a', 'luxury', 'food', 'grown', 'by', 'wealthy', 'people', 'in', 'private', 'conservatories', ',', 'called', 'orangeries', '.']	[[1, 2, 3], [1, 3], [1, 3], [1, 3], [1, 3], [1, 3], [1, 3], [1, 3], [1, 3], [1, 3], [1, 3], [1, 3], [1, 3], [0], [1, 3], [1, 3], [0]]
41	['By', '1646', ',', 'the', 'sweet', 'orange', 'was', 'well', 'known', 'throughout', 'Europe', ';', 'it', 'went', 'on', 'to', 'become', 'the', 'most', 'often', 'cultivated', 'of', 'all', 'fruit', 'trees', '.']	[[1, 2, 3], [0], [0], [1, 3], [1, 3], [1, 3], [1, 3], [1, 3], [1, 3], [1, 3], [1, 2, 3], [0], [1, 3], [1, 3], [1, 3], [1, 3], [1, 3], [1, 3], [1, 3], [1, 3], [1, 3], [1, 3], [1, 3], [1, 3], [1, 3], [0]]
42	['[', '11', ']', 'Louis', 'XIV', 'of', 'France', 'had', 'a', 'great', 'love', 'of', 'orange', 'trees', 'and', 'built', 'the', 'grandest', 'of', 'all', 'royal', 'Orangeries', 'at', 'the', 'Palace', 'of', 'Versailles', '.']	[[0], [0], [0], [1, 2, 3], [1, 2, 3], [1, 3], [1, 2, 3], [1, 3], [1, 3], [1, 3], [1, 3], [1, 3], [1, 3], [1, 3], [1, 3], [1, 3], [1, 3], [1, 3], [1, 3], [1, 3], [1, 3], [1, 2, 3], [1, 3], [1, 3], [1, 2, 3], [1, 3], [1, 2, 3], [0]]
43	['[', '22', ']', 'At', 'Versailles', ',', 'potted', 'orange', 'trees', 'in', 'solid', 'silver', 'tubs', 'were', 'placed', 'throughout', 'the', 'rooms', 'of', 'the', 'palace', ',', 'while', 'the', 'Orangerie', 'allowed', 'year', '-', 'round', 'cultivation', 'of', 'the', 'fruit', 'to', 'supply', 'the', 'court', '.']	[[0], [0], [0], [1, 2, 3], [1, 2, 3], [0], [1, 3], [1, 3], [1, 3], [1, 3], [1, 3], [1, 3], [1, 3], [1, 3], [1, 3], [1, 3], [1, 3], [1, 3], [1, 3], [1, 3], [1, 3], [0], [1, 3], [1, 3], [1, 2, 3], [1, 3], [1, 3], [0], [1, 3], [1, 3], [1, 3], [1, 3], [1, 3], [1, 3], [1, 3], [1, 3], [1, 3], [0]]
44	"['When', 'Louis', 'condemned', 'his', 'finance', 'minister', ',', 'Nicolas', 'Fouquet', ',', 'in', '1664', ',', 'part', 'of', 'the', 'treasures', 'that', 'he', 'confiscated', 'were', 'over', '1,000', 'orange', 'trees', 'from', 'Fouquet', ""'s"", 'estate', 'at', 'Vaux', '-', 'le', '-', 'Vicomte', '.']"	[[1, 2, 3], [1, 2, 3], [1, 3], [1, 3], [1, 3], [1, 3], [0], [1, 2, 3], [1, 2, 3], [0], [1, 3], [0], [0], [1, 3], [1, 3], [1, 3], [1, 3], [1, 3], [1, 3], [1, 3], [1, 3], [1, 3], [0], [1, 3], [1, 3], [1, 3], [1, 2, 3], [0], [1, 3], [1, 3], [1, 2, 3], [0], [1, 3], [0], [1, 2, 3], [0]]
45	['[', '23', ']', '\n', 'Spanish', 'travelers', 'introduced', 'the', 'sweet', 'orange', 'to', 'the', 'American', 'continent', '.']	[[0], [0], [0], [0], [1, 2, 3], [1, 3], [1, 3], [1, 3], [1, 3], [1, 3], [1, 3], [1, 3], [1, 2, 3], [1, 3], [0]]
46	['On', 'his', 'second', 'voyage', 'in', '1493', ',', 'Christopher', 'Columbus', 'may', 'have', 'planted', 'the', 'fruit', 'on', 'Hispaniola', '.']	[[1, 2, 3], [1, 3], [1, 3], [1, 3], [1, 3], [0], [0], [1, 2, 3], [1, 2, 3], [1, 3], [1, 3], [1, 3], [1, 3], [1, 3], [1, 3], [1, 2, 3], [0]]
47	['[', '6', ']', 'Subsequent', 'expeditions', 'in', 'the', 'mid-1500s', 'brought', 'sweet', 'oranges', 'to', 'South', 'America', 'and', 'Mexico', ',', 'and', 'to', 'Florida', 'in', '1565', ',', 'when', 'Pedro', 'Menéndez', 'de', 'Avilés', 'founded', 'St', 'Augustine', '.']	[[0], [0], [0], [1, 2, 3], [1, 3], [1, 3], [1, 3], [0], [1, 3], [1, 3], [1, 3], [1, 3], [1, 2, 3], [1, 2, 3], [1, 3], [1, 2, 3], [0], [1, 3], [1, 3], [1, 2, 3], [1, 3], [0], [0], [1, 3], [1, 2, 3], [3], [1, 3], [3], [1, 3], [1, 2, 3], [1, 2, 3], [0]]
48	['Spanish', 'missionaries', 'brought', 'orange', 'trees', 'to', 'Arizona', 'between', '1707', 'and', '1710', ',', 'while', 'the', 'Franciscans', 'did', 'the', 'same', 'in', 'San', 'Diego', ',', 'California', ',', 'in', '1769', '.']	[[1, 2, 3], [1, 3], [1, 3], [1, 3], [1, 3], [1, 3], [1, 2, 3], [1, 3], [0], [1, 3], [0], [0], [1, 3], [1, 3], [1, 2, 3], [1, 3], [1, 3], [1, 3], [1, 3], [1, 2, 3], [1, 2, 3], [0], [1, 2, 3], [0], [1, 3], [0], [0]]
49	['[', '11', ']', 'Archibald', 'Menzies', ',', 'the', 'botanist', 'on', 'the', 'Vancouver', 'Expedition', ',', 'collected', 'orange', 'seeds', 'in', 'South', 'Africa', ',', 'raised', 'the', 'seedlings', 'onboard', ',', 'and', 'gave', 'them', 'to', 'several', 'Hawaiian', 'chiefs', 'in', '1792', '.']	[[0], [0], [0], [1, 2, 3], [1, 2, 3], [0], [1, 3], [1, 3], [1, 3], [1, 3], [1, 2, 3], [1, 2, 3], [0], [1, 3], [1, 3], [1, 3], [1, 3], [1, 2, 3], [1, 2, 3], [0], [1, 3], [1, 3], [1, 3], [1, 3], [0], [1, 3], [1, 3], [1, 3], [1, 3], [1, 3], [1, 2, 3], [1, 3], [1, 3], [0], [0]]
50	['The', 'sweet', 'orange', 'came', 'to', 'be', 'grown', 'across', 'the', 'Hawaiian', 'Islands', ',', 'but', 'its', 'cultivation', 'stopped', 'after', 'the', 'arrival', 'of', 'the', 'Mediterranean', 'fruit', 'fly', 'in', 'the', 'early', '1900s', '.']	[[1, 2, 3], [1, 3], [1, 3], [1, 3], [1, 3], [1, 3], [1, 3], [1, 3], [1, 3], [1, 2, 3], [1, 2, 3], [0], [1, 3], [1, 3], [1, 3], [1, 3], [1, 3], [1, 3], [1, 3], [1, 3], [1, 3], [1, 2, 3], [1, 3], [1, 3], [1, 3], [1, 3], [1, 3], [0], [0]]
51	['[', '11][24', ']', 'Florida', 'farmers', 'obtained', 'seeds', 'from', 'New', 'Orleans', 'around', '1872', ',', 'after', 'which', 'orange', 'groves', 'were', 'established', 'by', 'grafting', 'the', 'sweet', 'orange', 'on', 'to', 'sour', 'orange', 'rootstocks', '.']	[[0], [0], [0], [1, 2, 3], [1, 3], [1, 3], [1, 3], [1, 3], [1, 2, 3], [1, 2, 3], [1, 3], [0], [0], [1, 3], [1, 3], [1, 3], [1, 3], [1, 3], [1, 3], [1, 3], [1, 3], [1, 3], [1, 3], [1, 3], [1, 3], [1, 3], [1, 3], [1, 3], [1, 3], [0]]
52	"['[', '11', ']', '\n', 'The', 'word', '""', 'orange', '""', 'derives', 'ultimately', 'from', 'Proto', '-', 'Dravidian', 'or', 'Tamil', 'நாரம்', '(', 'nāram', ')', '.']"	[[0], [0], [0], [0], [1, 2, 3], [1, 3], [0], [1, 3], [0], [1, 3], [1, 3], [1, 3], [1, 2, 3], [0], [1, 2, 3], [1, 3], [1, 2, 3], [0], [0], [3], [0], [0]]
53	"['From', 'there', 'the', 'word', 'entered', 'Sanskrit', 'नारङ्ग', '(', 'nāraṅga', ')', ',', 'meaning', ""'"", 'orange', 'tree', ""'"", '.']"	[[1, 2, 3], [1, 3], [1, 3], [1, 3], [1, 3], [1, 2, 3], [0], [0], [0], [0], [0], [1, 3], [0], [1, 3], [1, 3], [0], [0]]
54	['The', 'Sanskrit', 'word', 'reached', 'European', 'languages', 'through', 'Persian', 'نارنگ', '(', 'nārang', ')', 'and', 'its', 'Arabic', 'derivative', 'نارنج', '(', 'nāranj', ')', '.']	[[1, 2, 3], [1, 2, 3], [1, 3], [1, 3], [1, 2, 3], [1, 3], [1, 3], [1, 2, 3], [0], [0], [3], [0], [1, 3], [1, 3], [1, 2, 3], [1, 3], [0], [0], [3], [0], [0]]
55	"['[', '25', ']', '\n', 'The', 'word', 'entered', 'Late', 'Middle', 'English', 'in', 'the', '14th', 'century', 'via', 'Old', 'French', 'pomme', ""d'orenge"", '.']"	[[0], [0], [0], [0], [1, 2, 3], [1, 3], [1, 3], [1, 2, 3], [1, 2, 3], [1, 2, 3], [1, 3], [1, 3], [0], [1, 3], [1, 3], [1, 2, 3], [1, 2, 3], [1, 3], [1, 3], [0]]
56	['[', '26', ']', 'Other', 'forms', 'include', 'Old', 'Provençal', 'auranja,[27', ']', 'Italian', 'arancia', ',', 'formerly', 'narancia', '.']	[[0], [0], [0], [1, 2, 3], [1, 3], [1, 3], [1, 2, 3], [3], [0], [0], [1, 2, 3], [1, 3], [0], [1, 3], [1, 3], [0]]
57	['[', '25', ']', 'In', 'several', 'languages', ',', 'the', 'initial', 'n', 'present', 'in', 'earlier', 'forms', 'of', 'the', 'word', 'dropped', 'off', 'because', 'it', 'may', 'have', 'been', 'mistaken', 'as', 'part', 'of', 'an', 'indefinite', 'article', 'ending', 'in', 'an', 'n', 'sound', '.']	[[0], [0], [0], [1, 2, 3], [1, 3], [1, 3], [0], [1, 3], [1, 3], [1, 3], [1, 3], [1, 3], [1, 3], [1, 3], [1, 3], [1, 3], [1, 3], [1, 3], [1, 3], [1, 3], [1, 3], [1, 3], [1, 3], [1, 3], [1, 3], [1, 3], [1, 3], [1, 3], [1, 3], [1, 3], [1, 3], [1, 3], [1, 3], [1, 3], [1, 3], [1, 3], [0]]
58	['In', 'French', ',', 'for', 'example', ',', 'une', 'norenge', 'may', 'have', 'been', 'heard', 'as', 'une', 'orenge', '.']	[[1, 2, 3], [1, 2, 3], [0], [1, 3], [1, 3], [0], [1, 3], [1, 3], [1, 3], [1, 3], [1, 3], [1, 3], [1, 3], [1, 3], [1, 3], [0]]
59	['This', 'linguistic', 'change', 'is', 'called', 'juncture', 'loss', '.']	[[1, 2, 3], [1, 3], [1, 3], [1, 3], [1, 3], [1, 3], [1, 3], [0]]
60	['The', 'color', 'was', 'named', 'after', 'the', 'fruit,[28', ']', 'with', 'the', 'first', 'recorded', 'use', 'of', 'orange', 'as', 'a', 'color', 'name', 'in', 'English', 'in', '1512', '.']	[[1, 2, 3], [1, 3], [1, 3], [1, 3], [1, 3], [1, 3], [0], [0], [1, 3], [1, 3], [1, 3], [1, 3], [1, 3], [1, 3], [1, 3], [1, 3], [1, 3], [1, 3], [1, 3], [1, 3], [1, 2, 3], [1, 3], [0], [0]]
61	['[', '29][30', ']', '\n', 'Orange', 'flesh', 'is', '87', '%', 'water', ',', '12', '%', 'carbohydrates', ',', '1', '%', 'protein', ',', 'and', 'contains', 'negligible', 'fat', '(', 'see', 'table', ')', '.']	[[0], [0], [0], [0], [1, 2, 3], [1, 3], [1, 3], [0], [0], [1, 3], [0], [0], [0], [1, 3], [0], [0], [0], [1, 3], [0], [1, 3], [1, 3], [1, 3], [1, 3], [0], [1, 3], [1, 3], [0], [0]]
62	['As', 'a', '100', 'gram', 'reference', 'amount', ',', 'orange', 'flesh', 'provides', '47', 'calories', ',', 'and', 'is', 'a', 'rich', 'source', 'of', 'vitamin', 'C', ',', 'providing', '64', '%', 'of', 'the', 'Daily', 'Value', '.']	[[1, 2, 3], [1, 3], [0], [1, 3], [1, 3], [1, 3], [0], [1, 3], [1, 3], [1, 3], [0], [1, 3], [0], [1, 3], [1, 3], [1, 3], [1, 3], [1, 3], [1, 3], [1, 3], [1, 2, 3], [0], [1, 3], [0], [0], [1, 3], [1, 3], [1, 2, 3], [1, 2, 3], [0]]
63	['No', 'other', 'micronutrients', 'are', 'present', 'in', 'significant', 'amounts', '(', 'see', 'table', ')', '.']	[[1, 2, 3], [1, 3], [1, 3], [1, 3], [1, 3], [1, 3], [1, 3], [1, 3], [0], [1, 3], [1, 3], [0], [0]]
64	['Oranges', 'contain', 'diverse', 'phytochemicals', ',', 'including', 'carotenoids', '(', 'beta', '-', 'carotene', ',', 'lutein', 'and', 'beta', '-', 'cryptoxanthin', ')', ',', 'flavonoids', '(', 'e.g.']	[[1, 2, 3], [1, 3], [1, 3], [1, 3], [0], [1, 3], [1, 3], [0], [1, 3], [0], [1, 3], [0], [1, 3], [1, 3], [1, 3], [0], [1, 3], [0], [0], [1, 3], [0], [0]]
65	['naringenin)[33', ']', 'and', 'numerous', 'volatile', 'organic', 'compounds', 'producing', 'orange', 'aroma', ',', 'including', 'aldehydes', ',', 'esters', ',', 'terpenes', ',', 'alcohols', ',', 'and', 'ketones', '.']	[[0], [0], [1, 3], [1, 3], [1, 3], [1, 3], [1, 3], [1, 3], [1, 3], [1, 3], [0], [1, 3], [1, 3], [0], [1, 3], [0], [1, 3], [0], [1, 3], [0], [1, 3], [1, 3], [0]]
66	['[', '34', ']', 'Orange', 'juice', 'contains', 'only', 'about', 'one', '-', 'fifth', 'the', 'citric', 'acid', 'of', 'lime', 'or', 'lemon', 'juice', '(', 'which', 'contain', 'about', '47', 'g', '/', 'L', ')', '.']	[[0], [0], [0], [1, 2, 3], [1, 3], [1, 3], [1, 3], [1, 3], [1, 3], [0], [1, 3], [1, 3], [1, 3], [1, 3], [1, 3], [1, 3], [1, 3], [1, 3], [1, 3], [0], [1, 3], [1, 3], [1, 3], [0], [1, 3], [0], [1, 2, 3], [0], [0]]
67	['[', '35', ']', '\n', 'The', 'taste', 'of', 'oranges', 'is', 'determined', 'mainly', 'by', 'the', 'ratio', 'of', 'sugars', 'to', 'acids', ',', 'whereas', 'orange', 'aroma', 'derives', 'from', 'volatile', 'organic', 'compounds', ',', 'including', 'alcohols', ',', 'aldehydes', ',', 'ketones', ',', 'terpenes', ',', 'and', 'esters', '.']	[[0], [0], [0], [0], [1, 2, 3], [1, 3], [1, 3], [1, 3], [1, 3], [1, 3], [1, 3], [1, 3], [1, 3], [1, 3], [1, 3], [1, 3], [1, 3], [1, 3], [0], [1, 3], [1, 3], [1, 3], [1, 3], [1, 3], [1, 3], [1, 3], [1, 3], [0], [1, 3], [1, 3], [0], [1, 3], [0], [1, 3], [0], [1, 3], [0], [1, 3], [1, 3], [0]]
68	['[', '36][37', ']', 'Bitter', 'limonoid', 'compounds', ',', 'such', 'as', 'limonin', ',', 'decrease', 'gradually', 'during', 'development', ',', 'whereas', 'volatile', 'aroma', 'compounds', 'tend', 'to', 'peak', 'in', 'mid', '–', 'to', 'late', '–', 'season', 'development', '.']	[[0], [0], [0], [1, 2, 3], [1, 3], [1, 3], [0], [1, 3], [1, 3], [1, 3], [0], [1, 3], [1, 3], [1, 3], [1, 3], [0], [1, 3], [1, 3], [1, 3], [1, 3], [1, 3], [1, 3], [1, 3], [1, 3], [1, 3], [0], [1, 3], [1, 3], [0], [1, 3], [1, 3], [0]]
69	['[', '38', ']', 'Taste', 'quality', 'tends', 'to', 'improve', 'later', 'in', 'harvests', 'when', 'there', 'is', 'a', 'higher', 'sugar', '/', 'acid', 'ratio', 'with', 'less', 'bitterness', '.']	[[0], [0], [0], [1, 2, 3], [1, 3], [1, 3], [1, 3], [1, 3], [1, 3], [1, 3], [1, 3], [1, 3], [1, 3], [1, 3], [1, 3], [1, 3], [1, 3], [0], [1, 3], [1, 3], [1, 3], [1, 3], [1, 3], [0]]
70	['[', '38', ']', 'As', 'a', 'citrus', 'fruit', ',', 'the', 'orange', 'is', 'acidic', ',', 'with', 'pH', 'levels', 'ranging', 'from', '2.9[39', ']', 'to', '4.0', '.']	[[0], [0], [0], [1, 2, 3], [1, 3], [1, 3], [1, 3], [0], [1, 3], [1, 3], [1, 3], [1, 3], [0], [1, 3], [1, 3], [1, 3], [1, 3], [1, 3], [0], [0], [1, 3], [0], [0]]
71	['[', '39][40', ']', 'Taste', 'and', 'aroma', 'vary', 'according', 'to', 'genetic', 'background', ',', 'environmental', 'conditions', 'during', 'development', ',', 'ripeness', 'at', 'harvest', ',', 'postharvest', 'conditions', ',', 'and', 'storage', 'duration', '.']	[[0], [0], [0], [1, 2, 3], [1, 3], [1, 3], [1, 3], [1, 3], [1, 3], [1, 3], [1, 3], [0], [1, 3], [1, 3], [1, 3], [1, 3], [0], [1, 3], [1, 3], [1, 3], [0], [1, 3], [1, 3], [0], [1, 3], [1, 3], [1, 3], [0]]
72	"['[', '36][37', ']', '\n', 'Common', 'oranges', '(', 'also', 'called', '""', 'white', '""', ',', '""', 'round', '""', ',', 'or', '""', 'blond', '""', 'oranges', ')', 'constitute', 'about', 'two', '-', 'thirds', 'of', 'all', 'orange', 'production', '.']"	[[0], [0], [0], [0], [1, 2, 3], [1, 3], [0], [1, 3], [1, 3], [0], [1, 3], [0], [0], [0], [1, 3], [0], [0], [1, 3], [0], [1, 3], [0], [1, 3], [0], [1, 3], [1, 3], [1, 3], [0], [1, 3], [1, 3], [1, 3], [1, 3], [1, 3], [0]]
73	['The', 'majority', 'of', 'this', 'crop', 'is', 'used', 'for', 'juice', '.']	[[1, 2, 3], [1, 3], [1, 3], [1, 3], [1, 3], [1, 3], [1, 3], [1, 3], [1, 3], [0]]
74	['[', '4][6', ']', '\n', 'The', 'Valencia', 'orange', 'is', 'a', 'late', '-', 'season', 'fruit', ';', 'it', 'is', 'popular', 'when', 'navel', 'oranges', 'are', 'out', 'of', 'season', '.']	[[0], [0], [0], [0], [1, 2, 3], [1, 2, 3], [1, 3], [1, 3], [1, 3], [1, 3], [0], [1, 3], [1, 3], [0], [1, 3], [1, 3], [1, 3], [1, 3], [1, 3], [1, 3], [1, 3], [1, 3], [1, 3], [1, 3], [0]]
75	['Thomas', 'Rivers', ',', 'an', 'English', 'nurseryman', ',', 'imported', 'this', 'variety', 'from', 'the', 'Azores', 'and', 'catalogued', 'it', 'in', '1865', 'under', 'the', 'name', 'Excelsior', '.']	[[1, 2, 3], [1, 2, 3], [0], [1, 3], [1, 2, 3], [1, 3], [0], [1, 3], [1, 3], [1, 3], [1, 3], [1, 3], [1, 2, 3], [1, 3], [1, 3], [1, 3], [1, 3], [0], [1, 3], [1, 3], [1, 3], [1, 2, 3], [0]]
76	['Around', '1870', ',', 'he', 'provided', 'trees', 'to', 'S.', 'B.', 'Parsons', ',', 'a', 'Long', 'Island', 'nurseryman', ',', 'who', 'in', 'turn', 'sold', 'them', 'to', 'E.', 'H.', 'Hart', 'of', 'Federal', 'Point', ',', 'Florida', '.']	[[1, 2, 3], [0], [0], [1, 3], [1, 3], [1, 3], [1, 3], [0], [0], [1, 2, 3], [0], [1, 3], [1, 2, 3], [1, 2, 3], [1, 3], [0], [1, 3], [1, 3], [1, 3], [1, 3], [1, 3], [1, 3], [0], [0], [1, 2, 3], [1, 3], [1, 2, 3], [1, 2, 3], [0], [1, 2, 3], [0]]
77	['[', '41', ']', '\n', 'Navel', 'oranges', 'have', 'a', 'characteristic', 'second', 'fruit', 'at', 'the', 'apex', ',', 'which', 'protrudes', 'slightly', 'like', 'a', 'human', 'navel', '.']	[[0], [0], [0], [0], [1, 2, 3], [1, 3], [1, 3], [1, 3], [1, 3], [1, 3], [1, 3], [1, 3], [1, 3], [1, 3], [0], [1, 3], [1, 3], [1, 3], [1, 3], [1, 3], [1, 3], [1, 3], [0]]
78	['They', 'are', 'mainly', 'an', 'eating', 'fruit', ',', 'as', 'their', 'thicker', 'skin', 'makes', 'them', 'easy', 'to', 'peel', ',', 'they', 'are', 'less', 'juicy', 'and', 'their', 'bitterness', 'makes', 'them', 'less', 'suitable', 'for', 'juice', '.']	[[1, 2, 3], [1, 3], [1, 3], [1, 3], [1, 3], [1, 3], [0], [1, 3], [1, 3], [1, 3], [1, 3], [1, 3], [1, 3], [1, 3], [1, 3], [1, 3], [0], [1, 3], [1, 3], [1, 3], [1, 3], [1, 3], [1, 3], [1, 3], [1, 3], [1, 3], [1, 3], [1, 3], [1, 3], [1, 3], [0]]
79	"['[', '4', ']', 'The', 'parent', 'variety', 'was', 'probably', 'the', 'Portuguese', 'navel', 'orange', 'or', 'Umbigo', 'described', 'by', 'Antoine', 'Risso', 'and', 'Pierre', 'Antoine', 'Poiteau', 'in', 'their', '1818–1822', 'book', 'Histoire', 'naturelle', 'des', 'orangers', '(', '""', 'Natural', 'History', 'of', 'Orange', 'Trees', '""', ')', '.']"	[[0], [0], [0], [1, 2, 3], [1, 3], [1, 3], [1, 3], [1, 3], [1, 3], [1, 2, 3], [1, 3], [1, 3], [1, 3], [1, 2, 3], [1, 3], [1, 3], [1, 2, 3], [1, 2, 3], [1, 3], [1, 2, 3], [1, 2, 3], [1, 2, 3], [1, 3], [1, 3], [0], [1, 3], [1, 2, 3], [1, 3], [1, 3], [1, 3], [0], [0], [1, 2, 3], [1, 2, 3], [1, 3], [1, 2, 3], [1, 2, 3], [0], [0], [0]]
80	['[', '42', ']', 'The', 'mutation', 'caused', 'the', 'orange', 'to', 'develop', 'a', 'second', 'fruit', 'at', 'its', 'base', ',', 'opposite', 'the', 'stem', ',', 'embedded', 'within', 'the', 'peel', 'of', 'the', 'primary', 'orange', '.']	[[0], [0], [0], [1, 2, 3], [1, 3], [1, 3], [1, 3], [1, 3], [1, 3], [1, 3], [1, 3], [1, 3], [1, 3], [1, 3], [1, 3], [1, 3], [0], [1, 3], [1, 3], [1, 3], [0], [1, 3], [1, 3], [1, 3], [1, 3], [1, 3], [1, 3], [1, 3], [1, 3], [0]]
81	['Navel', 'oranges', 'were', 'introduced', 'in', 'Australia', 'in', '1824', 'and', 'in', 'Florida', 'in', '1835', '.']	[[1, 2, 3], [1, 3], [1, 3], [1, 3], [1, 3], [1, 2, 3], [1, 3], [0], [1, 3], [1, 3], [1, 2, 3], [1, 3], [0], [0]]
82	"['In', '1873', ',', 'Eliza', 'Tibbets', 'planted', 'two', 'cuttings', 'of', 'the', 'original', 'tree', 'in', 'Riverside', ',', 'California', ',', 'where', 'the', 'fruit', 'became', 'known', 'as', '""', 'Washington', '""', '.']"	[[1, 2, 3], [0], [0], [1, 2, 3], [1, 2, 3], [1, 3], [1, 3], [1, 3], [1, 3], [1, 3], [1, 3], [1, 3], [1, 3], [1, 2, 3], [0], [1, 2, 3], [0], [1, 3], [1, 3], [1, 3], [1, 3], [1, 3], [1, 3], [0], [1, 2, 3], [0], [0]]
83	['[', '42][43', ']', 'The', 'cultivar', 'rapidly', 'spread', 'to', 'other', 'countries', ',', 'but', 'being', 'seedless', 'it', 'had', 'to', 'be', 'propagated', 'by', 'cutting', 'and', 'grafting', '.']	[[0], [0], [0], [1, 2, 3], [1, 3], [1, 3], [1, 3], [1, 3], [1, 3], [1, 3], [0], [1, 3], [1, 3], [1, 3], [1, 3], [1, 3], [1, 3], [1, 3], [1, 3], [1, 3], [1, 3], [1, 3], [1, 3], [0]]
84	"['[', '44', ']', '\n', 'The', 'Cara', 'cara', 'orange', 'is', 'a', 'type', 'of', 'navel', 'orange', 'grown', 'mainly', 'in', 'Venezuela', ',', 'South', 'Africa', 'and', 'California', ""'s"", 'San', 'Joaquin', 'Valley', '.']"	[[0], [0], [0], [0], [1, 2, 3], [1, 2, 3], [1, 3], [1, 3], [1, 3], [1, 3], [1, 3], [1, 3], [1, 3], [1, 3], [1, 3], [1, 3], [1, 3], [1, 2, 3], [0], [1, 2, 3], [1, 2, 3], [1, 3], [1, 2, 3], [0], [1, 2, 3], [1, 2, 3], [1, 2, 3], [0]]
85	['It', 'is', 'sweet', 'and', 'low', 'in', 'acid,[45', ']', 'with', 'distinctively', 'pinkish', 'red', 'flesh', '.']	[[1, 2, 3], [1, 3], [1, 3], [1, 3], [1, 3], [1, 3], [0], [0], [1, 3], [1, 3], [1, 3], [1, 3], [1, 3], [0]]
86	['It', 'was', 'discovered', 'at', 'the', 'Hacienda', 'Cara', 'Cara', 'in', 'Valencia', ',', 'Venezuela', ',', 'in', '1976', '.']	[[1, 2, 3], [1, 3], [1, 3], [1, 3], [1, 3], [1, 2, 3], [1, 2, 3], [1, 2, 3], [1, 3], [1, 2, 3], [0], [1, 2, 3], [0], [1, 3], [0], [0]]
87	['[', '46', ']', '\n', 'Blood', 'oranges', ',', 'with', 'an', 'intense', 'red', 'coloration', 'inside', ',', 'are', 'widely', 'grown', 'around', 'the', 'Mediterranean', ';', 'there', 'are', 'several', 'cultivars', '.']	[[0], [0], [0], [0], [1, 2, 3], [1, 3], [0], [1, 3], [1, 3], [1, 3], [1, 3], [1, 3], [1, 3], [0], [1, 3], [1, 3], [1, 3], [1, 3], [1, 3], [1, 2, 3], [0], [1, 3], [1, 3], [1, 3], [1, 3], [0]]
88	['[', '11', ']', 'The', 'development', 'of', 'the', 'red', 'color', 'requires', 'cool', 'nights', '.']	[[0], [0], [0], [1, 2, 3], [1, 3], [1, 3], [1, 3], [1, 3], [1, 3], [1, 3], [1, 3], [1, 3], [0]]
89	['[', '47', ']', 'The', 'redness', 'is', 'mainly', 'due', 'to', 'the', 'anthocyanin', 'pigment', 'chrysanthemin', '(', 'cyanidin', '3', '-', 'O', '-', 'glucoside', ')', '.']	[[0], [0], [0], [1, 2, 3], [1, 3], [1, 3], [1, 3], [1, 3], [1, 3], [1, 3], [1, 3], [1, 3], [1, 3], [0], [1, 3], [0], [0], [1, 2, 3], [0], [1, 3], [0], [0]]
90	['[', '48', ']', '\n', 'Acidless', 'oranges', 'are', 'an', 'early', '-', 'season', 'fruit', 'with', 'very', 'low', 'levels', 'of', 'acid', '.']	[[0], [0], [0], [0], [1, 2, 3], [1, 3], [1, 3], [1, 3], [1, 3], [0], [1, 3], [1, 3], [1, 3], [1, 3], [1, 3], [1, 3], [1, 3], [1, 3], [0]]
91	"['They', 'also', 'are', 'called', '""', 'sweet', '""', 'oranges', 'in', 'the', 'United', 'States', ',', 'with', 'similar', 'names', 'in', 'other', 'countries', ':', 'douce', 'in', 'France', ',', 'sucrena', 'in', 'Spain', ',', 'dolce', 'or', 'maltese', 'in', 'Italy', ',', 'meski', 'in', 'North', 'Africa', 'and', 'the', 'Near', 'East', '(', 'where', 'they', 'are', 'especially', 'popular', ')', ',', 'succari', 'in', 'Egypt', ',', 'and', 'lima', 'in', 'Brazil', '.']"	[[1, 2, 3], [1, 3], [1, 3], [1, 3], [0], [1, 3], [0], [1, 3], [1, 3], [1, 3], [1, 2, 3], [1, 2, 3], [0], [1, 3], [1, 3], [1, 3], [1, 3], [1, 3], [1, 3], [0], [1, 3], [1, 3], [1, 2, 3], [0], [1, 3], [1, 3], [1, 2, 3], [0], [1, 3], [1, 3], [1, 3], [1, 3], [1, 2, 3], [0], [1, 3], [1, 3], [1, 2, 3], [1, 2, 3], [1, 3], [1, 3], [1, 2, 3], [1, 2, 3], [0], [1, 3], [1, 3], [1, 3], [1, 3], [1, 3], [0], [0], [1, 3], [1, 3], [1, 2, 3], [0], [1, 3], [1, 3], [1, 3], [1, 2, 3], [0]]
92	['[', '4', ']', 'The', 'lack', 'of', 'acid', ',', 'which', 'protects', 'orange', 'juice', 'against', 'spoilage', 'in', 'other', 'groups', ',', 'renders', 'them', 'generally', 'unfit', 'for', 'processing', 'as', 'juice', ',', 'so', 'they', 'are', 'primarily', 'eaten', '.']	[[0], [0], [0], [1, 2, 3], [1, 3], [1, 3], [1, 3], [0], [1, 3], [1, 3], [1, 3], [1, 3], [1, 3], [1, 3], [1, 3], [1, 3], [1, 3], [0], [1, 3], [1, 3], [1, 3], [1, 3], [1, 3], [1, 3], [1, 3], [1, 3], [0], [1, 3], [1, 3], [1, 3], [1, 3], [1, 3], [0]]
93	['They', 'remain', 'profitable', 'in', 'areas', 'of', 'local', 'consumption', ',', 'but', 'rapid', 'spoilage', 'renders', 'them', 'unsuitable', 'for', 'export', 'to', 'major', 'population', 'centres', 'of', 'Europe', ',', 'Asia', ',', 'or', 'the', 'United', 'States', '.']	[[1, 2, 3], [1, 3], [1, 3], [1, 3], [1, 3], [1, 3], [1, 3], [1, 3], [0], [1, 3], [1, 3], [1, 3], [1, 3], [1, 3], [1, 3], [1, 3], [1, 3], [1, 3], [1, 3], [1, 3], [1, 3], [1, 3], [1, 2, 3], [0], [1, 2, 3], [0], [1, 3], [1, 3], [1, 2, 3], [1, 2, 3], [0]]
94	['[', '4', ']', '\n', 'Like', 'most', 'citrus', 'plants', ',', 'oranges', 'do', 'well', 'under', 'moderate', 'temperatures', '—', 'between', '15.5', 'and', '29', '\xa0', '°', 'C', '(', '59.9', 'and', '84.2', '\xa0', '°', 'F)—and', 'require', 'considerable', 'amounts', 'of', 'sunshine', 'and', 'water', '.']	[[0], [0], [0], [0], [1, 2, 3], [1, 3], [1, 3], [1, 3], [0], [1, 3], [1, 3], [1, 3], [1, 3], [1, 3], [1, 3], [0], [1, 3], [0], [1, 3], [0], [0], [0], [1, 2, 3], [0], [0], [1, 3], [0], [0], [0], [0], [1, 3], [1, 3], [1, 3], [1, 3], [1, 3], [1, 3], [1, 3], [0]]
95	['As', 'oranges', 'are', 'sensitive', 'to', 'frost', ',', 'farmers', 'have', 'developed', 'methods', 'to', 'protect', 'the', 'trees', 'from', 'frost', 'damage', '.']	[[1, 2, 3], [1, 3], [1, 3], [1, 3], [1, 3], [1, 3], [0], [1, 3], [1, 3], [1, 3], [1, 3], [1, 3], [1, 3], [1, 3], [1, 3], [1, 3], [1, 3], [1, 3], [0]]
96	['A', 'common', 'process', 'is', 'to', 'spray', 'the', 'trees', 'with', 'water', 'so', 'as', 'to', 'cover', 'them', 'with', 'a', 'thin', 'layer', 'of', 'ice', ',', 'insulating', 'them', 'even', 'if', 'air', 'temperatures', 'drop', 'far', 'lower', '.']	[[1, 2, 3], [1, 3], [1, 3], [1, 3], [1, 3], [1, 3], [1, 3], [1, 3], [1, 3], [1, 3], [1, 3], [1, 3], [1, 3], [1, 3], [1, 3], [1, 3], [1, 3], [1, 3], [1, 3], [1, 3], [1, 3], [0], [1, 3], [1, 3], [1, 3], [1, 3], [1, 3], [1, 3], [1, 3], [1, 3], [1, 3], [0]]
97	['This', 'practice', ',', 'however', ',', 'offers', 'protection', 'only', 'for', 'a', 'very', 'short', 'time', '.']	[[1, 2, 3], [1, 3], [0], [1, 3], [0], [1, 3], [1, 3], [1, 3], [1, 3], [1, 3], [1, 3], [1, 3], [1, 3], [0]]
98	['[', '49', ']', 'Another', 'procedure', 'involves', 'burning', 'fuel', 'oil', 'in', 'smudge', 'pots', 'put', 'between', 'the', 'trees', '.']	[[0], [0], [0], [1, 2, 3], [1, 3], [1, 3], [1, 3], [1, 3], [1, 3], [1, 3], [1, 3], [1, 3], [1, 3], [1, 3], [1, 3], [1, 3], [0]]
99	['These', 'burn', 'with', 'a', 'great', 'deal', 'of', 'particulate', 'emission', ',', 'so', 'condensation', 'of', 'water', 'vapour', 'on', 'the', 'particulate', 'soot', 'prevents', 'condensation', 'on', 'plants', 'and', 'raises', 'the', 'air', 'temperature', 'very', 'slightly', '.']	[[1, 2, 3], [1, 3], [1, 3], [1, 3], [1, 3], [1, 3], [1, 3], [1, 3], [1, 3], [0], [1, 3], [1, 3], [1, 3], [1, 3], [1, 3], [1, 3], [1, 3], [1, 3], [1, 3], [1, 3], [1, 3], [1, 3], [1, 3], [1, 3], [1, 3], [1, 3], [1, 3], [1, 3], [1, 3], [1, 3], [0]]
100	['Smudge', 'pots', 'were', 'developed', 'after', 'a', 'disastrous', 'freeze', 'in', 'Southern', 'California', 'in', 'January', '1913', 'destroyed', 'a', 'whole', 'crop', '.']	[[1, 2, 3], [1, 3], [1, 3], [1, 3], [1, 3], [1, 3], [1, 3], [1, 3], [1, 3], [1, 2, 3], [1, 2, 3], [1, 3], [1, 2, 3], [0], [1, 3], [1, 3], [1, 3], [1, 3], [0]]
101	['[', '50', ']', '\n', 'Commercially', 'grown', 'orange', 'trees', 'are', 'propagated', 'asexually', 'by', 'grafting', 'a', 'mature', 'cultivar', 'onto', 'a', 'suitable', 'seedling', 'rootstock', 'to', 'ensure', 'the', 'same', 'yield', ',', 'identical', 'fruit', 'characteristics', ',', 'and', 'resistance', 'to', 'diseases', 'throughout', 'the', 'years', '.']	[[0], [0], [0], [0], [1, 2, 3], [1, 3], [1, 3], [1, 3], [1, 3], [1, 3], [1, 3], [1, 3], [1, 3], [1, 3], [1, 3], [1, 3], [1, 3], [1, 3], [1, 3], [1, 3], [1, 3], [1, 3], [1, 3], [1, 3], [1, 3], [1, 3], [0], [1, 3], [1, 3], [1, 3], [0], [1, 3], [1, 3], [1, 3], [1, 3], [1, 3], [1, 3], [1, 3], [0]]
102	['Propagation', 'involves', 'two', 'stages', ':', 'first', ',', 'a', 'rootstock', 'is', 'grown', 'from', 'seed', '.']	[[1, 2, 3], [1, 3], [1, 3], [1, 3], [0], [1, 3], [0], [1, 3], [1, 3], [1, 3], [1, 3], [1, 3], [1, 3], [0]]
103	['Then', ',', 'when', 'it', 'is', 'approximately', 'one', 'year', 'old', ',', 'the', 'leafy', 'top', 'is', 'cut', 'off', 'and', 'a', 'bud', 'taken', 'from', 'a', 'specific', 'scion', 'variety', ',', 'is', 'grafted', 'into', 'its', 'bark', '.']	[[1, 2, 3], [0], [1, 3], [1, 3], [1, 3], [1, 3], [1, 3], [1, 3], [1, 3], [0], [1, 3], [1, 3], [1, 3], [1, 3], [1, 3], [1, 3], [1, 3], [1, 3], [1, 3], [1, 3], [1, 3], [1, 3], [1, 3], [1, 3], [1, 3], [0], [1, 3], [1, 3], [1, 3], [1, 3], [1, 3], [0]]
104	['The', 'scion', 'is', 'what', 'determines', 'the', 'variety', 'of', 'orange', ',', 'while', 'the', 'rootstock', 'makes', 'the', 'tree', 'resistant', 'to', 'pests', 'and', 'diseases', 'and', 'adaptable', 'to', 'specific', 'soil', 'and', 'climatic', 'conditions', '.']	[[1, 2, 3], [1, 3], [1, 3], [1, 3], [1, 3], [1, 3], [1, 3], [1, 3], [1, 3], [0], [1, 3], [1, 3], [1, 3], [1, 3], [1, 3], [1, 3], [1, 3], [1, 3], [1, 3], [1, 3], [1, 3], [1, 3], [1, 3], [1, 3], [1, 3], [1, 3], [1, 3], [1, 3], [1, 3], [0]]
105	['Thus', ',', 'rootstocks', 'influence', 'the', 'rate', 'of', 'growth', 'and', 'have', 'an', 'effect', 'on', 'fruit', 'yield', 'and', 'quality', '.']	[[1, 2, 3], [0], [1, 3], [1, 3], [1, 3], [1, 3], [1, 3], [1, 3], [1, 3], [1, 3], [1, 3], [1, 3], [1, 3], [1, 3], [1, 3], [1, 3], [1, 3], [0]]
106	['[', '51', ']', 'Rootstocks', 'must', 'be', 'compatible', 'with', 'the', 'variety', 'inserted', 'into', 'them', 'because', 'otherwise', ',', 'the', 'tree', 'may', 'decline', ',', 'be', 'less', 'productive', ',', 'or', 'die', '.']	[[0], [0], [0], [1, 2, 3], [1, 3], [1, 3], [1, 3], [1, 3], [1, 3], [1, 3], [1, 3], [1, 3], [1, 3], [1, 3], [1, 3], [0], [1, 3], [1, 3], [1, 3], [1, 3], [0], [1, 3], [1, 3], [1, 3], [0], [1, 3], [1, 3], [0]]
107	['[', '51', ']', 'Among', 'the', 'advantages', 'to', 'grafting', 'are', 'that', 'trees', 'mature', 'uniformly', 'and', 'begin', 'to', 'bear', 'fruit', 'earlier', 'than', 'those', 'reproduced', 'by', 'seeds', '(', '3', 'to', '4', 'years', 'in', 'contrast', 'with', '6', 'to', '7', 'years),[52', ']', 'and', 'that', 'farmers', 'can', 'combine', 'the', 'best', 'attributes', 'of', 'a', 'scion', 'with', 'those', 'of', 'a', 'rootstock', '.']	[[0], [0], [0], [1, 2, 3], [1, 3], [1, 3], [1, 3], [1, 3], [1, 3], [1, 3], [1, 3], [1, 3], [1, 3], [1, 3], [1, 3], [1, 3], [1, 3], [1, 3], [1, 3], [1, 3], [1, 3], [1, 3], [1, 3], [1, 3], [0], [0], [1, 3], [0], [1, 3], [1, 3], [1, 3], [1, 3], [0], [1, 3], [0], [0], [0], [1, 3], [1, 3], [1, 3], [1, 3], [1, 3], [1, 3], [1, 3], [1, 3], [1, 3], [1, 3], [1, 3], [1, 3], [1, 3], [1, 3], [1, 3], [1, 3], [0]]
108	['[', '53', ']', '\n', 'Canopy', '-', 'shaking', 'mechanical', 'harvesters', 'are', 'being', 'used', 'increasingly', 'in', 'Florida', 'to', 'harvest', 'oranges', '.']	[[0], [0], [0], [0], [1, 2, 3], [0], [1, 3], [1, 3], [1, 3], [1, 3], [1, 3], [1, 3], [1, 3], [1, 3], [1, 2, 3], [1, 3], [1, 3], [1, 3], [0]]
109	['Current', 'canopy', 'shaker', 'machines', 'use', 'a', 'series', 'of', 'six', '-', 'to', '-', 'seven', '-', 'foot', '-', 'long', 'tines', 'to', 'shake', 'the', 'tree', 'canopy', 'at', 'a', 'relatively', 'constant', ' ', 'stroke', 'and', 'frequency', '.']	[[1, 2, 3], [1, 3], [1, 3], [1, 3], [1, 3], [1, 3], [1, 3], [1, 3], [1, 3], [0], [1, 3], [0], [1, 3], [0], [1, 3], [0], [1, 3], [1, 3], [1, 3], [1, 3], [1, 3], [1, 3], [1, 3], [1, 3], [1, 3], [1, 3], [1, 3], [0], [1, 3], [1, 3], [1, 3], [0]]
110	['[', '54', ']', 'Oranges', 'are', 'picked', 'once', 'they', 'are', 'pale', 'orange', '.']	[[0], [0], [0], [1, 2, 3], [1, 3], [1, 3], [1, 3], [1, 3], [1, 3], [1, 3], [1, 3], [0]]
111	['[', '55', ']', '\n', 'Oranges', 'must', 'be', 'mature', 'when', 'harvested', '.']	[[0], [0], [0], [0], [1, 2, 3], [1, 3], [1, 3], [1, 3], [1, 3], [1, 3], [0]]
112	['In', 'the', 'United', 'States', ',', 'laws', 'forbid', 'harvesting', 'immature', 'fruit', 'for', 'human', 'consumption', 'in', 'Texas', ',', 'Arizona', ',', 'California', 'and', 'Florida', '.']	[[1, 2, 3], [1, 3], [1, 2, 3], [1, 2, 3], [0], [1, 3], [1, 3], [1, 3], [1, 3], [1, 3], [1, 3], [1, 3], [1, 3], [1, 3], [1, 2, 3], [0], [1, 2, 3], [0], [1, 2, 3], [1, 3], [1, 2, 3], [0]]
113	['[', '56', ']', 'Ripe', 'oranges', ',', 'however', ',', 'often', 'have', 'some', 'green', 'or', 'yellow', '-', 'green', 'color', 'in', 'the', 'skin', '.']	[[0], [0], [0], [1, 2, 3], [1, 3], [0], [1, 3], [0], [1, 3], [1, 3], [1, 3], [1, 3], [1, 3], [1, 3], [0], [1, 3], [1, 3], [1, 3], [1, 3], [1, 3], [0]]
114	['Ethylene', 'gas', 'is', 'used', 'to', 'turn', 'green', 'skin', 'to', 'orange', '.']	[[1, 2, 3], [1, 3], [1, 3], [1, 3], [1, 3], [1, 3], [1, 3], [1, 3], [1, 3], [1, 3], [0]]
115	"['This', 'process', 'is', 'known', 'as', '""', 'degreening', '""', ',', '""', 'gassing', '""', ',', '""', 'sweating', '""', ',', 'or', '""', 'curing', '""', '.']"	[[1, 2, 3], [1, 3], [1, 3], [1, 3], [1, 3], [0], [1, 3], [0], [0], [0], [1, 3], [0], [0], [0], [1, 3], [0], [0], [1, 3], [0], [1, 3], [0], [0]]
116	['[', '56', ']', 'Oranges', 'are', 'non', '-', 'climacteric', 'fruits', 'and', 'can', 'not', 'ripen', 'internally', 'in', 'response', 'to', 'ethylene', 'gas', 'after', 'harvesting', ',', 'though', 'they', 'will', 'de', '-', 'green', 'externally', '.']	[[0], [0], [0], [1, 2, 3], [1, 3], [1, 3], [0], [1, 3], [1, 3], [1, 3], [1, 3], [1, 3], [1, 3], [1, 3], [1, 3], [1, 3], [1, 3], [1, 3], [1, 3], [1, 3], [1, 3], [0], [1, 3], [1, 3], [1, 3], [1, 3], [0], [1, 3], [1, 3], [0]]
117	['[', '57', ']', '\n', 'Commercially', ',', 'oranges', 'can', 'be', 'stored', 'by', 'refrigeration', 'in', 'controlled', '-', 'atmosphere', 'chambers', 'for', 'up', 'to', 'twelve', 'weeks', 'after', 'harvest', '.']	[[0], [0], [0], [0], [1, 2, 3], [0], [1, 3], [1, 3], [1, 3], [1, 3], [1, 3], [1, 3], [1, 3], [1, 3], [0], [1, 3], [1, 3], [1, 3], [1, 3], [1, 3], [1, 3], [1, 3], [1, 3], [1, 3], [0]]
118	['Storage', 'life', 'ultimately', 'depends', 'on', 'cultivar', ',', 'maturity', ',', 'pre', '-', 'harvest', 'conditions', ',', 'and', 'handling', '.']	[[1, 2, 3], [1, 3], [1, 3], [1, 3], [1, 3], [1, 3], [0], [1, 3], [0], [1, 3], [0], [1, 3], [1, 3], [0], [1, 3], [1, 3], [0]]
119	['[', '58', ']', 'At', 'home', ',', 'oranges', 'have', 'a', 'shelf', 'life', 'of', 'about', 'one', 'month', ',', 'and', 'are', 'best', 'stored', 'loose', '.']	[[0], [0], [0], [1, 2, 3], [1, 3], [0], [1, 3], [1, 3], [1, 3], [1, 3], [1, 3], [1, 3], [1, 3], [1, 3], [1, 3], [0], [1, 3], [1, 3], [1, 3], [1, 3], [1, 3], [0]]
120	['[', '59', ']', '\n', 'The', 'first', 'major', 'pest', 'that', 'attacked', 'orange', 'trees', 'in', 'the', 'United', 'States', 'was', 'the', 'cottony', 'cushion', 'scale', '(', 'Icerya', 'purchasi', ')', ',', 'imported', 'from', 'Australia', 'to', 'California', 'in', '1868', '.']	[[0], [0], [0], [0], [1, 2, 3], [1, 3], [1, 3], [1, 3], [1, 3], [1, 3], [1, 3], [1, 3], [1, 3], [1, 3], [1, 2, 3], [1, 2, 3], [1, 3], [1, 3], [1, 3], [1, 3], [1, 3], [0], [1, 2, 3], [1, 3], [0], [0], [1, 3], [1, 3], [1, 2, 3], [1, 3], [1, 2, 3], [1, 3], [0], [0]]
121	['Within', '20', 'years', ',', 'it', 'wiped', 'out', 'the', 'citrus', 'orchards', 'around', 'Los', 'Angeles', ',', 'and', 'limited', 'orange', 'growth', 'throughout', 'California', '.']	[[1, 2, 3], [0], [1, 3], [0], [1, 3], [1, 3], [1, 3], [1, 3], [1, 3], [1, 3], [1, 3], [1, 2, 3], [1, 2, 3], [0], [1, 3], [1, 3], [1, 3], [1, 3], [1, 3], [1, 2, 3], [0]]
122	['In', '1888', ',', 'the', 'USDA', 'sent', 'Alfred', 'Koebele', 'to', 'Australia', 'to', 'study', 'this', 'scale', 'insect', 'in', 'its', 'native', 'habitat', '.']	[[1, 2, 3], [0], [0], [1, 3], [1, 2, 3], [1, 3], [1, 2, 3], [1, 2, 3], [1, 3], [1, 2, 3], [1, 3], [1, 3], [1, 3], [1, 3], [1, 3], [1, 3], [1, 3], [1, 3], [1, 3], [0]]
123	['He', 'brought', 'back', 'with', 'him', 'specimens', 'of', 'an', 'Australian', 'ladybird', ',', 'Novius', 'cardinalis', '(', 'the', 'Vedalia', 'beetle', ')', ',', 'and', 'within', 'a', 'decade', 'the', 'pest', 'was', 'controlled', '.']	[[1, 2, 3], [1, 3], [1, 3], [1, 3], [1, 3], [1, 3], [1, 3], [1, 3], [1, 2, 3], [1, 3], [0], [1, 2, 3], [1, 3], [0], [1, 3], [1, 2, 3], [1, 3], [0], [0], [1, 3], [1, 3], [1, 3], [1, 3], [1, 3], [1, 3], [1, 3], [1, 3], [0]]
124	['This', 'was', 'one', 'of', 'the', 'first', 'successful', 'applications', 'of', 'biological', 'pest', 'control', 'on', 'any', 'crop', '.']	[[1, 2, 3], [1, 3], [1, 3], [1, 3], [1, 3], [1, 3], [1, 3], [1, 3], [1, 3], [1, 3], [1, 3], [1, 3], [1, 3], [1, 3], [1, 3], [0]]
125	['[', '41', ']', 'The', 'orange', 'dog', 'caterpillar', 'of', 'the', 'giant', 'swallowtail', 'butterfly', ',', 'Papilio', 'cresphontes', ',', 'is', 'a', 'pest', 'of', 'citrus', 'plantations', 'in', 'North', 'America', ',', 'where', 'it', 'eats', 'new', 'foliage', 'and', 'can', 'defoliate', 'young', 'trees', '.']	[[0], [0], [0], [1, 2, 3], [1, 3], [1, 3], [1, 3], [1, 3], [1, 3], [1, 3], [1, 3], [1, 3], [0], [1, 2, 3], [1, 3], [0], [1, 3], [1, 3], [1, 3], [1, 3], [1, 3], [1, 3], [1, 3], [1, 2, 3], [1, 2, 3], [0], [1, 3], [1, 3], [1, 3], [1, 3], [1, 3], [1, 3], [1, 3], [1, 3], [1, 3], [1, 3], [0]]
126	['[', '60', ']', '\n', 'Citrus', 'greening', 'disease', ',', 'caused', 'by', 'the', 'bacterium', 'Liberobacter', 'asiaticum', ',', 'has', 'been', 'the', 'most', 'serious', 'threat', 'to', 'orange', 'production', 'since', '2010', '.']	[[0], [0], [0], [0], [1, 2, 3], [1, 3], [1, 3], [0], [1, 3], [1, 3], [1, 3], [1, 3], [1, 2, 3], [1, 3], [0], [1, 3], [1, 3], [1, 3], [1, 3], [1, 3], [1, 3], [1, 3], [1, 3], [1, 3], [1, 3], [0], [0]]
127	['It', 'is', 'characterized', 'by', 'streaks', 'of', 'different', 'shades', 'on', 'the', 'leaves', ',', 'and', 'deformed', ',', 'poorly', 'colored', ',', 'unsavory', 'fruit', '.']	[[1, 2, 3], [1, 3], [1, 3], [1, 3], [1, 3], [1, 3], [1, 3], [1, 3], [1, 3], [1, 3], [1, 3], [0], [1, 3], [1, 3], [0], [1, 3], [1, 3], [0], [1, 3], [1, 3], [0]]
128	['In', 'areas', 'where', 'the', 'disease', 'is', 'endemic', ',', 'citrus', 'trees', 'live', 'for', 'only', 'five', 'to', 'eight', 'years', 'and', 'never', 'bear', 'fruit', 'suitable', 'for', 'consumption', '.']	[[1, 2, 3], [1, 3], [1, 3], [1, 3], [1, 3], [1, 3], [1, 3], [0], [1, 3], [1, 3], [1, 3], [1, 3], [1, 3], [1, 3], [1, 3], [1, 3], [1, 3], [1, 3], [1, 3], [1, 3], [1, 3], [1, 3], [1, 3], [1, 3], [0]]
129	['[', '62', ']', 'In', 'the', 'western', 'hemisphere', ',', 'the', 'disease', 'was', 'discovered', 'in', 'Florida', 'in', '1998', ',', 'where', 'it', 'has', 'attacked', 'nearly', 'all', 'the', 'trees', 'ever', 'since', '.']	[[0], [0], [0], [1, 2, 3], [1, 3], [1, 3], [1, 3], [0], [1, 3], [1, 3], [1, 3], [1, 3], [1, 3], [1, 2, 3], [1, 3], [0], [0], [1, 3], [1, 3], [1, 3], [1, 3], [1, 3], [1, 3], [1, 3], [1, 3], [1, 3], [1, 3], [0]]
130	['It', 'was', 'reported', 'in', 'Brazil', 'by', 'Fundecitrus', 'Brasil', 'in', '2004', '.']	[[1, 2, 3], [1, 3], [1, 3], [1, 3], [1, 2, 3], [1, 3], [1, 2, 3], [1, 2, 3], [1, 3], [0], [0]]
131	"['[', '62', ']', 'As', 'from', '2009', ',', '0.87', '%', 'of', 'the', 'trees', 'in', 'Brazil', ""'s"", 'main', 'orange', 'growing', 'areas', '(', 'São', 'Paulo', 'and', 'Minas', 'Gerais', ')', 'showed', 'symptoms', 'of', 'greening', ',', 'an', 'increase', 'of', '49', '%', 'over', '2008', '.']"	[[0], [0], [0], [1, 2, 3], [1, 3], [0], [0], [0], [0], [1, 3], [1, 3], [1, 3], [1, 3], [1, 2, 3], [0], [1, 3], [1, 3], [1, 3], [1, 3], [0], [3], [1, 2, 3], [1, 3], [1, 2, 3], [1, 2, 3], [0], [1, 3], [1, 3], [1, 3], [1, 3], [0], [1, 3], [1, 3], [1, 3], [0], [0], [1, 3], [0], [0]]
132	['[', '63', ']', '\n', 'The', 'disease', 'is', 'spread', 'primarily', 'by', 'psyllid', 'plant', 'lice', 'such', 'as', 'the', 'Asian', 'citrus', 'psyllid', '(', 'Diaphorina', 'citri', 'Kuwayama', ')', ',', 'an', 'efficient', 'vector', 'of', 'the', 'bacterium', '.']	[[0], [0], [0], [0], [1, 2, 3], [1, 3], [1, 3], [1, 3], [1, 3], [1, 3], [1, 3], [1, 3], [1, 3], [1, 3], [1, 3], [1, 3], [1, 2, 3], [1, 3], [1, 3], [0], [1, 2, 3], [1, 3], [1, 2, 3], [0], [0], [1, 3], [1, 3], [1, 3], [1, 3], [1, 3], [1, 3], [0]]
133	['[', '61', ']', 'Foliar', 'insecticides', 'reduce', 'psyllid', 'populations', 'for', 'a', 'short', 'time', ',', 'but', 'also', 'suppress', 'beneficial', 'predatory', 'ladybird', 'beetles', '.']	[[0], [0], [0], [1, 2, 3], [1, 3], [1, 3], [1, 3], [1, 3], [1, 3], [1, 3], [1, 3], [1, 3], [0], [1, 3], [1, 3], [1, 3], [1, 3], [1, 3], [1, 3], [1, 3], [0]]
134	['Soil', 'application', 'of', 'aldicarb', 'provided', 'limited', 'control', 'of', 'Asian', 'citrus', 'psyllid', ',', 'while', 'drenches', 'of', 'imidacloprid', 'to', 'young', 'trees', 'were', 'effective', 'for', 'two', 'months', 'or', 'more', '.']	[[1, 2, 3], [1, 3], [1, 3], [1, 3], [1, 3], [1, 3], [1, 3], [1, 3], [1, 2, 3], [1, 3], [1, 3], [0], [1, 3], [1, 3], [1, 3], [1, 3], [1, 3], [1, 3], [1, 3], [1, 3], [1, 3], [1, 3], [1, 3], [1, 3], [1, 3], [1, 3], [0]]
135	['[', '64', ']', 'Management', 'of', 'citrus', 'greening', 'disease', 'requires', 'an', 'integrated', 'approach', 'that', 'includes', 'use', 'of', 'clean', 'stock', ',', 'elimination', 'of', 'inoculum', 'via', 'voluntary', 'and', 'regulatory', 'means', ',', 'use', 'of', 'pesticides', 'to', 'control', 'psyllid', 'vectors', 'in', 'the', 'citrus', 'crop', ',', 'and', 'biological', 'control', 'of', 'the', 'vectors', 'in', 'non', '-', 'crop', 'reservoirs', '.']	[[0], [0], [0], [1, 2, 3], [1, 3], [1, 3], [1, 3], [1, 3], [1, 3], [1, 3], [1, 3], [1, 3], [1, 3], [1, 3], [1, 3], [1, 3], [1, 3], [1, 3], [0], [1, 3], [1, 3], [1, 3], [1, 3], [1, 3], [1, 3], [1, 3], [1, 3], [0], [1, 3], [1, 3], [1, 3], [1, 3], [1, 3], [1, 3], [1, 3], [1, 3], [1, 3], [1, 3], [1, 3], [0], [1, 3], [1, 3], [1, 3], [1, 3], [1, 3], [1, 3], [1, 3], [1, 3], [0], [1, 3], [1, 3], [0]]
136	"['[', '62', ']', '\n', 'Greasy', 'spot', ',', 'a', 'fungal', 'disease', 'caused', 'by', 'the', 'ascomycete', 'Mycosphaerella', 'citri', ',', 'produces', 'leaf', 'spots', 'and', 'premature', 'defoliation', ',', 'thus', 'reducing', 'the', 'tree', ""'s"", 'vigour', 'and', 'yield', '.']"	[[0], [0], [0], [0], [1, 2, 3], [1, 3], [0], [1, 3], [1, 3], [1, 3], [1, 3], [1, 3], [1, 3], [1, 3], [1, 2, 3], [1, 3], [0], [1, 3], [1, 3], [1, 3], [1, 3], [1, 3], [1, 3], [0], [1, 3], [1, 3], [1, 3], [1, 3], [0], [1, 3], [1, 3], [1, 3], [0]]
137	['Ascospores', 'of', 'M.', 'citri', 'are', 'generated', 'in', 'pseudothecia', 'in', 'decomposing', 'fallen', 'leaves', '.']	[[1, 2, 3], [1, 3], [0], [1, 3], [1, 3], [1, 3], [1, 3], [1, 3], [1, 3], [1, 3], [1, 3], [1, 3], [0]]
138	['[', '65', ']', '\n', 'In', '2022', ',', 'world', 'production', 'of', 'oranges', 'was', '76', 'million', 'tonnes', ',', 'led', 'by', 'Brazil', 'with', '22', '%', 'of', 'the', 'total', ',', 'followed', 'by', 'India', ',', 'China', ',', 'and', 'Mexico', '.']	[[0], [0], [0], [0], [1, 2, 3], [0], [0], [1, 3], [1, 3], [1, 3], [1, 3], [1, 3], [0], [1, 3], [1, 3], [0], [1, 3], [1, 3], [1, 2, 3], [1, 3], [0], [0], [1, 3], [1, 3], [1, 3], [0], [1, 3], [1, 3], [1, 2, 3], [0], [1, 2, 3], [0], [1, 3], [1, 2, 3], [0]]
139	['[', '66', ']', '\n', 'The', 'United', 'States', 'Department', 'of', 'Agriculture', 'has', 'established', 'grades', 'for', 'Florida', 'oranges', ',', 'primarily', 'for', 'oranges', 'sold', 'as', 'fresh', 'fruit', '.']	[[0], [0], [0], [0], [1, 2, 3], [1, 2, 3], [1, 2, 3], [1, 2, 3], [1, 3], [1, 2, 3], [1, 3], [1, 3], [1, 3], [1, 3], [1, 2, 3], [1, 3], [0], [1, 3], [1, 3], [1, 3], [1, 3], [1, 3], [1, 3], [1, 3], [0]]
140	['[', '67', ']', 'In', 'the', 'United', 'States', ',', 'groves', 'are', 'located', 'mainly', 'in', 'Florida', ',', 'California', ',', 'and', 'Texas', '.']	[[0], [0], [0], [1, 2, 3], [1, 3], [1, 2, 3], [1, 2, 3], [0], [1, 3], [1, 3], [1, 3], [1, 3], [1, 3], [1, 2, 3], [0], [1, 2, 3], [0], [1, 3], [1, 2, 3], [0]]
141	"['[', '68', ']', 'The', 'majority', 'of', 'California', ""'s"", 'crop', 'is', 'sold', 'as', 'fresh', 'fruit', ',', 'whereas', 'Florida', ""'s"", 'oranges', 'are', 'destined', 'to', 'juice', 'products', '.']"	[[0], [0], [0], [1, 2, 3], [1, 3], [1, 3], [1, 2, 3], [0], [1, 3], [1, 3], [1, 3], [1, 3], [1, 3], [1, 3], [0], [1, 3], [1, 2, 3], [0], [1, 3], [1, 3], [1, 3], [1, 3], [1, 3], [1, 3], [0]]
142	['The', 'Indian', 'River', 'area', 'of', 'Florida', 'produces', 'high', 'quality', 'juice', ',', 'which', 'is', 'often', 'sold', 'fresh', 'and', 'blended', 'with', 'juice', 'from', 'other', 'regions', ',', 'because', 'Indian', 'River', 'trees', 'yield', 'sweet', 'oranges', 'but', 'in', 'relatively', 'small', 'quantities', '.']	[[1, 2, 3], [1, 2, 3], [1, 2, 3], [1, 3], [1, 3], [1, 2, 3], [1, 3], [1, 3], [1, 3], [1, 3], [0], [1, 3], [1, 3], [1, 3], [1, 3], [1, 3], [1, 3], [1, 3], [1, 3], [1, 3], [1, 3], [1, 3], [1, 3], [0], [1, 3], [1, 2, 3], [1, 2, 3], [1, 3], [1, 3], [1, 3], [1, 3], [1, 3], [1, 3], [1, 3], [1, 3], [1, 3], [0]]
143	['[', '69', ']', '\n', 'Oranges', ',', 'whose', 'flavor', 'may', 'vary', 'from', 'sweet', 'to', 'sour', ',', 'are', 'commonly', 'peeled', 'and', 'eaten', 'fresh', 'raw', 'as', 'a', 'dessert', '.']	[[0], [0], [0], [0], [1, 2, 3], [0], [1, 3], [1, 3], [1, 3], [1, 3], [1, 3], [1, 3], [1, 3], [1, 3], [0], [1, 3], [1, 3], [1, 3], [1, 3], [1, 3], [1, 3], [1, 3], [1, 3], [1, 3], [1, 3], [0]]
144	['Orange', 'juice', 'is', 'obtained', 'by', 'squeezing', 'the', 'fruit', 'on', 'a', 'special', 'tool', '(', 'a', 'juicer', 'or', 'squeezer', ')', 'and', 'collecting', 'the', 'juice', 'in', 'a', 'tray', 'or', 'tank', 'underneath', '.']	[[1, 2, 3], [1, 3], [1, 3], [1, 3], [1, 3], [1, 3], [1, 3], [1, 3], [1, 3], [1, 3], [1, 3], [1, 3], [0], [1, 3], [1, 3], [1, 3], [1, 3], [0], [1, 3], [1, 3], [1, 3], [1, 3], [1, 3], [1, 3], [1, 3], [1, 3], [1, 3], [1, 3], [0]]
145	['This', 'can', 'be', 'made', 'at', 'home', 'or', ',', 'on', 'a', 'much', 'larger', 'scale', ',', 'industrially', '.']	[[1, 2, 3], [1, 3], [1, 3], [1, 3], [1, 3], [1, 3], [1, 3], [0], [1, 3], [1, 3], [1, 3], [1, 3], [1, 3], [0], [1, 3], [0]]
146	['[', '70', ']', 'Orange', 'juice', 'is', 'a', 'traded', 'commodity', 'on', 'the', 'Intercontinental', 'Exchange', '.']	[[0], [0], [0], [1, 2, 3], [1, 3], [1, 3], [1, 3], [1, 3], [1, 3], [1, 3], [1, 3], [1, 2, 3], [1, 2, 3], [0]]
147	['[', '71', ']', 'Frozen', 'orange', 'juice', 'concentrate', 'is', 'made', 'from', 'freshly', 'squeezed', 'and', 'filtered', 'juice', '.']	[[0], [0], [0], [1, 2, 3], [1, 3], [1, 3], [1, 3], [1, 3], [1, 3], [1, 3], [1, 3], [1, 3], [1, 3], [1, 3], [1, 3], [0]]
148	['[', '72', ']', '\n', 'Oranges', 'are', 'made', 'into', 'jam', 'in', 'many', 'countries', ';', 'in', 'Britain', ',', 'bitter', 'Seville', 'oranges', 'are', 'used', 'to', 'make', 'marmalade', '.']	[[0], [0], [0], [0], [1, 2, 3], [1, 3], [1, 3], [1, 3], [1, 3], [1, 3], [1, 3], [1, 3], [0], [1, 3], [1, 2, 3], [0], [1, 3], [1, 2, 3], [1, 3], [1, 3], [1, 3], [1, 3], [1, 3], [1, 3], [0]]
149	['Almost', 'the', 'whole', 'Spanish', 'production', 'is', 'exported', 'to', 'Britain', 'for', 'this', 'purpose', '.']	[[1, 2, 3], [1, 3], [1, 3], [1, 2, 3], [1, 3], [1, 3], [1, 3], [1, 3], [1, 2, 3], [1, 3], [1, 3], [1, 3], [0]]
150	['The', 'entire', 'fruit', 'is', 'cut', 'up', 'and', 'boiled', 'with', 'sugar', ';', 'the', 'pith', 'contributes', 'pectin', ',', 'which', 'helps', 'the', 'marmalade', 'to', 'set', '.']	[[1, 2, 3], [1, 3], [1, 3], [1, 3], [1, 3], [1, 3], [1, 3], [1, 3], [1, 3], [1, 3], [0], [1, 3], [1, 3], [1, 3], [1, 3], [0], [1, 3], [1, 3], [1, 3], [1, 3], [1, 3], [1, 3], [0]]
151	['The', 'first', 'recipe', 'was', 'by', 'an', 'Englishwoman', ',', 'Mary', 'Kettilby', ',', 'in', '1714', '.']	[[1, 2, 3], [1, 3], [1, 3], [1, 3], [1, 3], [1, 3], [1, 2, 3], [0], [1, 2, 3], [1, 2, 3], [0], [1, 3], [0], [0]]
152	['Pieces', 'of', 'peel', 'were', 'first', 'added', 'by', 'Janet', 'Keiller', 'of', 'Dundee', 'in', 'the', '1790s', ',', 'contributing', 'a', 'distinctively', 'bitter', 'taste', '.']	[[1, 2, 3], [1, 3], [1, 3], [1, 3], [1, 3], [1, 3], [1, 3], [1, 2, 3], [1, 2, 3], [1, 3], [1, 2, 3], [1, 3], [1, 3], [0], [0], [1, 3], [1, 3], [1, 3], [1, 3], [1, 3], [0]]
153	['[', '73', ']', 'Orange', 'peel', 'contains', 'the', 'bitter', 'substances', 'limonene', 'and', 'naringin', '.']	[[0], [0], [0], [1, 2, 3], [1, 3], [1, 3], [1, 3], [1, 3], [1, 3], [1, 3], [1, 3], [1, 3], [0]]
154	['[', '74][75', ']', '\n', 'Zest', 'is', 'scraped', 'from', 'the', 'coloured', 'outer', 'part', 'of', 'the', 'peel', ',', 'and', 'used', 'as', 'a', 'flavoring', 'and', 'garnish', 'in', 'desserts', 'and', 'cocktails', '.']	[[0], [0], [0], [0], [1, 2, 3], [1, 3], [1, 3], [1, 3], [1, 3], [1, 3], [1, 3], [1, 3], [1, 3], [1, 3], [1, 3], [0], [1, 3], [1, 3], [1, 3], [1, 3], [1, 3], [1, 3], [1, 3], [1, 3], [1, 3], [1, 3], [1, 3], [0]]
155	['[', '76', ']', '\n', 'Sweet', 'orange', 'oil', 'is', 'a', 'by', '-', 'product', 'of', 'the', 'juice', 'industry', 'produced', 'by', 'pressing', 'the', 'peel', '.']	[[0], [0], [0], [0], [1, 2, 3], [1, 3], [1, 3], [1, 3], [1, 3], [1, 3], [0], [1, 3], [1, 3], [1, 3], [1, 3], [1, 3], [1, 3], [1, 3], [1, 3], [1, 3], [1, 3], [0]]
156	['It', 'is', 'used', 'for', 'flavoring', 'food', 'and', 'drinks', ';', 'it', 'is', 'employed', 'in', 'the', 'perfume', 'industry', 'and', 'in', 'aromatherapy', 'for', 'its', 'fragrance', '.']	[[1, 2, 3], [1, 3], [1, 3], [1, 3], [1, 3], [1, 3], [1, 3], [1, 3], [0], [1, 3], [1, 3], [1, 3], [1, 3], [1, 3], [1, 3], [1, 3], [1, 3], [1, 3], [1, 3], [1, 3], [1, 3], [1, 3], [0]]
157	['The', 'oil', 'consists', 'of', 'approximately', '90', '%', 'D', '-', 'limonene', ',', 'a', 'solvent', 'used', 'in', 'household', 'chemicals', 'such', 'as', 'wood', 'conditioners', 'for', 'furniture', 'and', '—', 'along', 'with', 'other', 'citrus', 'oils', '—', 'detergents', 'and', 'hand', 'cleansers', '.']	[[1, 2, 3], [1, 3], [1, 3], [1, 3], [1, 3], [0], [0], [1, 2, 3], [0], [1, 3], [0], [1, 3], [1, 3], [1, 3], [1, 3], [1, 3], [1, 3], [1, 3], [1, 3], [1, 3], [1, 3], [1, 3], [1, 3], [1, 3], [0], [1, 3], [1, 3], [1, 3], [1, 3], [1, 3], [0], [1, 3], [1, 3], [1, 3], [1, 3], [0]]
158	['It', 'is', 'an', 'efficient', 'cleaning', 'agent', 'with', 'a', 'pleasant', 'smell', ',', 'promoted', 'for', 'being', 'environmentally', 'friendly', 'and', 'therefore', ',', 'preferable', 'to', 'petrochemicals', '.']	[[1, 2, 3], [1, 3], [1, 3], [1, 3], [1, 3], [1, 3], [1, 3], [1, 3], [1, 3], [1, 3], [0], [1, 3], [1, 3], [1, 3], [1, 3], [1, 3], [1, 3], [1, 3], [0], [1, 3], [1, 3], [1, 3], [0]]
159	['It', 'is', ',', 'however', ',', 'irritating', 'to', 'the', 'skin', 'and', 'toxic', 'to', 'aquatic', 'life', '.']	[[1, 2, 3], [1, 3], [0], [1, 3], [0], [1, 3], [1, 3], [1, 3], [1, 3], [1, 3], [1, 3], [1, 3], [1, 3], [1, 3], [0]]
160	['[', '77][78', ']', '\n', 'Oranges', 'have', 'featured', 'in', 'human', 'culture', 'since', 'ancient', 'times', '.']	[[0], [0], [0], [0], [1, 2, 3], [1, 3], [1, 3], [1, 3], [1, 3], [1, 3], [1, 3], [1, 3], [1, 3], [0]]
161	['The', 'earliest', 'mention', 'of', 'the', 'sweet', 'orange', 'in', 'Chinese', 'literature', 'dates', 'from', '314', 'BC', '.']	[[1, 2, 3], [1, 3], [1, 3], [1, 3], [1, 3], [1, 3], [1, 3], [1, 3], [1, 2, 3], [1, 3], [1, 3], [1, 3], [0], [1, 2, 3], [0]]
162	['[', '13', ']', 'Larissa', 'Pham', ',', 'in', 'The', 'Paris', 'Review', ',', 'notes', 'that', 'sweet', 'oranges', 'were', 'available', 'in', 'China', 'much', 'earlier', 'than', 'in', 'the', 'West', '.']	[[0], [0], [0], [1, 2, 3], [1, 2, 3], [0], [1, 3], [1, 2, 3], [1, 2, 3], [1, 2, 3], [0], [1, 3], [1, 3], [1, 3], [1, 3], [1, 3], [1, 3], [1, 3], [1, 2, 3], [1, 3], [1, 3], [1, 3], [1, 3], [1, 3], [1, 2, 3], [0]]
163	"['She', 'writes', 'that', 'Zhao', 'Lingrang', ""'s"", 'fan', 'painting', 'Yellow', 'Oranges', 'and', 'Green', 'Tangerines', 'pays', 'attention', 'not', 'to', 'the', 'fruit', ""'s"", 'colour', 'but', 'the', 'shape', 'of', 'the', 'fruit', '-', 'laden', 'trees', ',', 'and', 'that', 'Su', 'Shi', ""'s"", 'poem', 'on', 'the', 'same', 'subject', 'runs', '""', 'You', 'must', 'remember', ',', '/', 'the', 'best', 'scenery', 'of', 'the', 'year', ',', '/', 'Is', 'exactly', 'now', ',', '/', 'when', 'oranges', 'turn', 'yellow', 'and', 'tangerines', 'green', '.']"	[[1, 2, 3], [1, 3], [1, 3], [1, 2, 3], [1, 2, 3], [0], [1, 3], [1, 3], [1, 2, 3], [1, 2, 3], [1, 3], [1, 2, 3], [1, 2, 3], [1, 3], [1, 3], [1, 3], [1, 3], [1, 3], [1, 3], [0], [1, 3], [1, 3], [1, 3], [1, 3], [1, 3], [1, 3], [1, 3], [0], [1, 3], [1, 3], [0], [1, 3], [1, 3], [1, 2, 3], [1, 2, 3], [0], [1, 3], [1, 3], [1, 3], [1, 3], [1, 3], [1, 3], [0], [1, 2, 3], [1, 3], [1, 3], [0], [0], [1, 3], [1, 3], [1, 3], [1, 3], [1, 3], [1, 3], [0], [0], [1, 2, 3], [1, 3], [1, 3], [0], [0], [1, 3], [1, 3], [1, 3], [1, 3], [1, 3], [1, 3], [1, 3], [0]]
164	"['""', '[', '79', ']', 'The', 'scholar', 'Cristina', 'Mazzoni', 'has', 'examined', 'the', 'multiple', 'uses', 'of', 'the', 'fruit', 'in', 'Italian', 'art', 'and', 'literature', ',', 'from', 'Catherine', 'of', 'Siena', ""'s"", 'sending', 'of', 'candied', 'oranges', 'to', 'Pope', 'Urban', ',', 'to', 'Sandro', 'Botticelli', ""'s"", 'setting', 'of', 'his', 'painting', 'Primavera', 'in', 'an', 'orange', 'grove', '.']"	[[0], [0], [0], [0], [1, 2, 3], [1, 3], [1, 2, 3], [1, 2, 3], [1, 3], [1, 3], [1, 3], [1, 3], [1, 3], [1, 3], [1, 3], [1, 3], [1, 3], [1, 2, 3], [1, 3], [1, 3], [1, 3], [0], [1, 3], [1, 2, 3], [1, 3], [1, 2, 3], [0], [1, 3], [1, 3], [1, 3], [1, 3], [1, 3], [1, 2, 3], [1, 2, 3], [0], [1, 3], [1, 2, 3], [1, 2, 3], [0], [1, 3], [1, 3], [1, 3], [1, 3], [1, 2, 3], [1, 3], [1, 3], [1, 3], [1, 3], [0]]
165	['She', 'notes', 'that', 'oranges', 'symbolised', 'desire', 'and', 'wealth', 'on', 'the', 'one', 'hand', ',', 'and', 'deformity', 'on', 'the', 'other', ',', 'while', 'in', 'the', 'fairy', '-', 'stories', 'of', 'Sicily', ',', 'they', 'have', 'magical', 'properties', '.']	[[1, 2, 3], [1, 3], [1, 3], [1, 3], [1, 3], [1, 3], [1, 3], [1, 3], [1, 3], [1, 3], [1, 3], [1, 3], [0], [1, 3], [1, 3], [1, 3], [1, 3], [1, 3], [0], [1, 3], [1, 3], [1, 3], [1, 3], [0], [1, 3], [1, 3], [1, 2, 3], [0], [1, 3], [1, 3], [1, 3], [1, 3], [0]]
166	['[', '80', ']', 'Pham', 'comments', 'that', 'the', 'Arnolfini', 'Portrait', 'by', 'Jan', 'van', 'Eyck', 'contains', 'in', 'a', 'small', 'detail', 'one', 'of', 'the', 'first', 'representations', 'of', 'oranges', 'in', 'Western', 'art', ',', 'the', 'costly', 'fruit', 'perhaps', 'traded', 'by', 'the', 'merchant', 'Arnolfini', 'himself', '.']	[[0], [0], [0], [1, 2, 3], [1, 3], [1, 3], [1, 3], [1, 2, 3], [1, 2, 3], [1, 3], [1, 2, 3], [1, 3], [1, 2, 3], [1, 3], [1, 3], [1, 3], [1, 3], [1, 3], [1, 3], [1, 3], [1, 3], [1, 3], [1, 3], [1, 3], [1, 3], [1, 3], [1, 2, 3], [1, 3], [0], [1, 3], [1, 3], [1, 3], [1, 3], [1, 3], [1, 3], [1, 3], [1, 3], [1, 2, 3], [1, 3], [0]]
167	['[', '79', ']', 'By', 'the', '17th', 'century', ',', 'orangeries', 'were', 'added', 'to', 'great', 'houses', 'in', 'Europe', ',', 'both', 'to', 'enable', 'the', 'fruit', 'to', 'be', 'grown', 'locally', 'and', 'for', 'prestige', ',', 'as', 'seen', 'in', 'the', 'Versailles', 'Orangerie', 'completed', 'in', '1686', '.']	[[0], [0], [0], [1, 2, 3], [1, 3], [0], [1, 3], [0], [1, 3], [1, 3], [1, 3], [1, 3], [1, 3], [1, 3], [1, 3], [1, 2, 3], [0], [1, 3], [1, 3], [1, 3], [1, 3], [1, 3], [1, 3], [1, 3], [1, 3], [1, 3], [1, 3], [1, 3], [1, 3], [0], [1, 3], [1, 3], [1, 3], [1, 3], [1, 2, 3], [1, 2, 3], [1, 3], [1, 3], [0], [0]]
168	['[', '81', ']', 'The', 'Dutch', 'post', '-', 'impressionist', 'artist', 'Vincent', 'van', 'Gogh', 'portrayed', 'oranges', 'in', 'paintings', 'such', 'as', 'his', '1889', 'Still', 'Life', 'of', 'Oranges', 'and', 'Lemons', 'with', 'Blue', 'Gloves', 'and', 'his', '1890', 'A', 'Child', 'with', 'Orange', ',', 'both', 'works', 'late', 'in', 'his', 'life', '.']	[[0], [0], [0], [1, 2, 3], [1, 2, 3], [1, 3], [0], [1, 3], [1, 3], [1, 2, 3], [1, 3], [1, 2, 3], [1, 3], [1, 3], [1, 3], [1, 3], [1, 3], [1, 3], [1, 3], [0], [1, 2, 3], [1, 2, 3], [1, 3], [1, 2, 3], [1, 3], [1, 2, 3], [1, 3], [1, 2, 3], [1, 2, 3], [1, 3], [1, 3], [0], [1, 2, 3], [1, 2, 3], [1, 3], [1, 2, 3], [0], [1, 3], [1, 3], [1, 3], [1, 3], [1, 3], [1, 3], [0]]
169	"['The', 'American', 'artist', 'of', 'the', 'Ashcan', 'School', ',', 'John', 'Sloan', ',', 'made', 'a', '1935', 'painting', 'Blond', 'Nude', 'with', 'Orange', ',', 'Blue', 'Couch', ',', 'while', 'Henri', 'Matisse', ""'s"", 'last', 'painting', 'was', 'his', '1951', 'Nude', 'with', 'Oranges', ';', 'after', 'that', 'he', 'only', 'made', 'cut', '-', 'outs', '.']"	[[1, 2, 3], [1, 2, 3], [1, 3], [1, 3], [1, 3], [1, 2, 3], [1, 2, 3], [0], [1, 2, 3], [1, 2, 3], [0], [1, 3], [1, 3], [0], [1, 3], [1, 2, 3], [1, 2, 3], [1, 3], [1, 2, 3], [0], [1, 2, 3], [1, 2, 3], [0], [1, 3], [1, 2, 3], [1, 2, 3], [0], [1, 3], [1, 3], [1, 3], [1, 3], [0], [1, 2, 3], [1, 3], [1, 2, 3], [0], [1, 3], [1, 3], [1, 3], [1, 3], [1, 3], [1, 3], [0], [1, 3], [0]]
170	['[', '82', ']']	[[0], [0], [0]]
